case_id,jurisdiction,pdf,field_name,current_value,suggested_value,reason,confidence,edit_file,notes
cn_0003,cn,pdfs/case_0003_cn.pdf,drug_info,"{""drug_name"": """", ""active_ingredient"": """", ""product_name"": """", ""applicant"": """", ""application_number"": """", ""source"": ""unknown"", ""confidence"": 0, ""review_required"": true}",,药物信息缺失或置信度低,0,data/manual_overrides/cn_overrides.json,
cn_0004,cn,pdfs/case_0004_cn.pdf,parties,"[{""role"": ""专利权人"", ""name"": ""某株式会社""}]",,中国专利权人或无效请求人缺失,0.6,data/manual_overrides/cn_overrides.json,
cn_0004,cn,pdfs/case_0004_cn.pdf,drug_info,"{""drug_name"": """", ""active_ingredient"": """", ""product_name"": """", ""applicant"": """", ""application_number"": """", ""source"": ""unknown"", ""confidence"": 0, ""review_required"": true}",,药物信息缺失或置信度低,0,data/manual_overrides/cn_overrides.json,
cn_0006,cn,pdfs/case_0006_cn.pdf,drug_info,"{""drug_name"": """", ""active_ingredient"": """", ""product_name"": """", ""applicant"": """", ""application_number"": """", ""source"": ""unknown"", ""confidence"": 0, ""review_required"": true}",,药物信息缺失或置信度低,0,data/manual_overrides/cn_overrides.json,
cn_0009,cn,pdfs/case_0009_cn.pdf,legal_points,"[""pending_review""]",,中国法律点为空或待确认,0.2,data/manual_overrides/cn_overrides.json,
cn_0009,cn,pdfs/case_0009_cn.pdf,status,待确认,,无效结果为空或待确认,0,data/manual_overrides/cn_overrides.json,
cn_0009,cn,pdfs/case_0009_cn.pdf,drug_info,"{""drug_name"": """", ""active_ingredient"": """", ""product_name"": """", ""applicant"": """", ""application_number"": """", ""source"": ""unknown"", ""confidence"": 0, ""review_required"": true}",,药物信息缺失或置信度低,0,data/manual_overrides/cn_overrides.json,
cn_0010,cn,pdfs/case_0010_cn.pdf,legal_points,"[""pending_review""]",,中国法律点为空或待确认,0.2,data/manual_overrides/cn_overrides.json,
cn_0010,cn,pdfs/case_0010_cn.pdf,status,待确认,,无效结果为空或待确认,0,data/manual_overrides/cn_overrides.json,
cn_0010,cn,pdfs/case_0010_cn.pdf,drug_info,"{""drug_name"": """", ""active_ingredient"": """", ""product_name"": """", ""applicant"": """", ""application_number"": """", ""source"": ""unknown"", ""confidence"": 0, ""review_required"": true}",,药物信息缺失或置信度低,0,data/manual_overrides/cn_overrides.json,
cn_0011,cn,pdfs/case_0011_cn.pdf,parties,"[{""role"": ""专利权人"", ""name"": ""本案原告""}]",,中国专利权人或无效请求人缺失,0.6,data/manual_overrides/cn_overrides.json,
cn_0011,cn,pdfs/case_0011_cn.pdf,drug_info,"{""drug_name"": """", ""active_ingredient"": """", ""product_name"": """", ""applicant"": """", ""application_number"": """", ""source"": ""unknown"", ""confidence"": 0, ""review_required"": true}",,药物信息缺失或置信度低,0,data/manual_overrides/cn_overrides.json,
cn_0012,cn,pdfs/case_0012_cn.pdf,parties,"[{""role"": ""专利权人"", ""name"": ""本案原告""}]",,中国专利权人或无效请求人缺失,0.6,data/manual_overrides/cn_overrides.json,
cn_0012,cn,pdfs/case_0012_cn.pdf,drug_info,"{""drug_name"": """", ""active_ingredient"": """", ""product_name"": """", ""applicant"": """", ""application_number"": """", ""source"": ""unknown"", ""confidence"": 0, ""review_required"": true}",,药物信息缺失或置信度低,0,data/manual_overrides/cn_overrides.json,
cn_0013,cn,pdfs/case_0013_cn.pdf,drug_info,"{""drug_name"": """", ""active_ingredient"": """", ""product_name"": """", ""applicant"": """", ""application_number"": """", ""source"": ""unknown"", ""confidence"": 0, ""review_required"": true}",,药物信息缺失或置信度低,0,data/manual_overrides/cn_overrides.json,
cn_0013,cn,pdfs/case_0013_cn.pdf,drug_info,"{""drug_name"": """", ""active_ingredient"": """", ""product_name"": """", ""applicant"": """", ""application_number"": """", ""source"": ""unknown"", ""confidence"": 0, ""review_required"": true}",,药物信息缺失或置信度低,0,data/manual_overrides/cn_overrides.json,
cn_0014,cn,pdfs/case_0014_cn.pdf,drug_info,"{""drug_name"": """", ""active_ingredient"": """", ""product_name"": """", ""applicant"": """", ""application_number"": """", ""source"": ""unknown"", ""confidence"": 0, ""review_required"": true}",,药物信息缺失或置信度低,0,data/manual_overrides/cn_overrides.json,
cn_0017,cn,pdfs/case_0017_cn.pdf,drug_info,"{""drug_name"": """", ""active_ingredient"": """", ""product_name"": """", ""applicant"": """", ""application_number"": """", ""source"": ""unknown"", ""confidence"": 0, ""review_required"": true}",,药物信息缺失或置信度低,0,data/manual_overrides/cn_overrides.json,
cn_0023,cn,pdfs/case_0023_cn.pdf,drug_info,"{""drug_name"": """", ""active_ingredient"": """", ""product_name"": """", ""applicant"": """", ""application_number"": """", ""source"": ""unknown"", ""confidence"": 0, ""review_required"": true}",,药物信息缺失或置信度低,0,data/manual_overrides/cn_overrides.json,
cn_0025,cn,pdfs/case_0025_cn.pdf,drug_info,"{""drug_name"": """", ""active_ingredient"": """", ""product_name"": """", ""applicant"": """", ""application_number"": """", ""source"": ""unknown"", ""confidence"": 0, ""review_required"": true}",,药物信息缺失或置信度低,0,data/manual_overrides/cn_overrides.json,
cn_0026,cn,pdfs/case_0026_cn.pdf,drug_info,"{""drug_name"": """", ""active_ingredient"": """", ""product_name"": """", ""applicant"": """", ""application_number"": """", ""source"": ""unknown"", ""confidence"": 0, ""review_required"": true}",,药物信息缺失或置信度低,0,data/manual_overrides/cn_overrides.json,
cn_0027,cn,pdfs/case_0027_cn.pdf,drug_info,"{""drug_name"": """", ""active_ingredient"": """", ""product_name"": """", ""applicant"": """", ""application_number"": """", ""source"": ""unknown"", ""confidence"": 0, ""review_required"": true}",,药物信息缺失或置信度低,0,data/manual_overrides/cn_overrides.json,
cn_0029,cn,pdfs/case_0029_cn.pdf,drug_info,"{""drug_name"": """", ""active_ingredient"": """", ""product_name"": """", ""applicant"": """", ""application_number"": """", ""source"": ""unknown"", ""confidence"": 0, ""review_required"": true}",,药物信息缺失或置信度低,0,data/manual_overrides/cn_overrides.json,
cn_0031,cn,pdfs/case_0031_cn.pdf,drug_info,"{""drug_name"": """", ""active_ingredient"": """", ""product_name"": """", ""applicant"": """", ""application_number"": """", ""source"": ""unknown"", ""confidence"": 0, ""review_required"": true}",,药物信息缺失或置信度低,0,data/manual_overrides/cn_overrides.json,
cn_0032,cn,pdfs/case_0032_cn.pdf,patent_type,其他,,patent_type 为其他或待确认,0.35,data/manual_overrides/cn_overrides.json,
cn_0032,cn,pdfs/case_0032_cn.pdf,drug_info,"{""drug_name"": """", ""active_ingredient"": """", ""product_name"": """", ""applicant"": """", ""application_number"": """", ""source"": ""unknown"", ""confidence"": 0, ""review_required"": true}",,药物信息缺失或置信度低,0,data/manual_overrides/cn_overrides.json,
cn_0033,cn,pdfs/case_0033_cn.pdf,drug_info,"{""drug_name"": """", ""active_ingredient"": """", ""product_name"": """", ""applicant"": """", ""application_number"": """", ""source"": ""unknown"", ""confidence"": 0, ""review_required"": true}",,药物信息缺失或置信度低,0,data/manual_overrides/cn_overrides.json,
cn_0034,cn,pdfs/case_0034_cn.pdf,drug_info,"{""drug_name"": """", ""active_ingredient"": """", ""product_name"": """", ""applicant"": """", ""application_number"": """", ""source"": ""unknown"", ""confidence"": 0, ""review_required"": true}",,药物信息缺失或置信度低,0,data/manual_overrides/cn_overrides.json,
cn_0035,cn,pdfs/case_0035_cn.pdf,drug_info,"{""drug_name"": """", ""active_ingredient"": """", ""product_name"": """", ""applicant"": """", ""application_number"": """", ""source"": ""unknown"", ""confidence"": 0, ""review_required"": true}",,药物信息缺失或置信度低,0,data/manual_overrides/cn_overrides.json,
cn_0036,cn,pdfs/case_0036_cn.pdf,drug_info,"{""drug_name"": """", ""active_ingredient"": """", ""product_name"": """", ""applicant"": """", ""application_number"": """", ""source"": ""unknown"", ""confidence"": 0, ""review_required"": true}",,药物信息缺失或置信度低,0,data/manual_overrides/cn_overrides.json,
cn_0037,cn,pdfs/case_0037_cn.pdf,patent_type,其他,,patent_type 为其他或待确认,0.35,data/manual_overrides/cn_overrides.json,
cn_0037,cn,pdfs/case_0037_cn.pdf,drug_info,"{""drug_name"": """", ""active_ingredient"": """", ""product_name"": """", ""applicant"": """", ""application_number"": """", ""source"": ""unknown"", ""confidence"": 0, ""review_required"": true}",,药物信息缺失或置信度低,0,data/manual_overrides/cn_overrides.json,
cn_0038,cn,pdfs/case_0038_cn.pdf,drug_info,"{""drug_name"": """", ""active_ingredient"": """", ""product_name"": """", ""applicant"": """", ""application_number"": """", ""source"": ""unknown"", ""confidence"": 0, ""review_required"": true}",,药物信息缺失或置信度低,0,data/manual_overrides/cn_overrides.json,
cn_0039,cn,pdfs/case_0039_cn.pdf,drug_info,"{""drug_name"": """", ""active_ingredient"": """", ""product_name"": """", ""applicant"": """", ""application_number"": """", ""source"": ""unknown"", ""confidence"": 0, ""review_required"": true}",,药物信息缺失或置信度低,0,data/manual_overrides/cn_overrides.json,
cn_0040,cn,pdfs/case_0040_cn.pdf,drug_info,"{""drug_name"": """", ""active_ingredient"": """", ""product_name"": """", ""applicant"": """", ""application_number"": """", ""source"": ""unknown"", ""confidence"": 0, ""review_required"": true}",,药物信息缺失或置信度低,0,data/manual_overrides/cn_overrides.json,
cn_0041,cn,pdfs/case_0041_cn.pdf,drug_info,"{""drug_name"": """", ""active_ingredient"": """", ""product_name"": """", ""applicant"": """", ""application_number"": """", ""source"": ""unknown"", ""confidence"": 0, ""review_required"": true}",,药物信息缺失或置信度低,0,data/manual_overrides/cn_overrides.json,
cn_0042,cn,pdfs/case_0042_cn.pdf,drug_info,"{""drug_name"": """", ""active_ingredient"": """", ""product_name"": """", ""applicant"": """", ""application_number"": """", ""source"": ""unknown"", ""confidence"": 0, ""review_required"": true}",,药物信息缺失或置信度低,0,data/manual_overrides/cn_overrides.json,
cn_0042,cn,pdfs/case_0042_cn.pdf,drug_info,"{""drug_name"": """", ""active_ingredient"": """", ""product_name"": """", ""applicant"": """", ""application_number"": """", ""source"": ""unknown"", ""confidence"": 0, ""review_required"": true}",,药物信息缺失或置信度低,0,data/manual_overrides/cn_overrides.json,
cn_0042,cn,pdfs/case_0042_cn.pdf,drug_info,"{""drug_name"": """", ""active_ingredient"": """", ""product_name"": """", ""applicant"": """", ""application_number"": """", ""source"": ""unknown"", ""confidence"": 0, ""review_required"": true}",,药物信息缺失或置信度低,0,data/manual_overrides/cn_overrides.json,
cn_0043,cn,pdfs/case_0043_cn.pdf,drug_info,"{""drug_name"": """", ""active_ingredient"": """", ""product_name"": """", ""applicant"": """", ""application_number"": """", ""source"": ""unknown"", ""confidence"": 0, ""review_required"": true}",,药物信息缺失或置信度低,0,data/manual_overrides/cn_overrides.json,
cn_0044,cn,pdfs/case_0044_cn.pdf,drug_info,"{""drug_name"": """", ""active_ingredient"": """", ""product_name"": """", ""applicant"": """", ""application_number"": """", ""source"": ""unknown"", ""confidence"": 0, ""review_required"": true}",,药物信息缺失或置信度低,0,data/manual_overrides/cn_overrides.json,
cn_0045,cn,pdfs/case_0045_cn.pdf,legal_points,"[""pending_review""]",,中国法律点为空或待确认,0.2,data/manual_overrides/cn_overrides.json,
cn_0045,cn,pdfs/case_0045_cn.pdf,drug_info,"{""drug_name"": """", ""active_ingredient"": """", ""product_name"": """", ""applicant"": """", ""application_number"": """", ""source"": ""unknown"", ""confidence"": 0, ""review_required"": true}",,药物信息缺失或置信度低,0,data/manual_overrides/cn_overrides.json,
cn_0046,cn,pdfs/case_0046_cn.pdf,drug_info,"{""drug_name"": """", ""active_ingredient"": """", ""product_name"": """", ""applicant"": """", ""application_number"": """", ""source"": ""unknown"", ""confidence"": 0, ""review_required"": true}",,药物信息缺失或置信度低,0,data/manual_overrides/cn_overrides.json,
cn_0048,cn,pdfs/case_0048_cn.pdf,drug_info,"{""drug_name"": """", ""active_ingredient"": """", ""product_name"": """", ""applicant"": """", ""application_number"": """", ""source"": ""unknown"", ""confidence"": 0, ""review_required"": true}",,药物信息缺失或置信度低,0,data/manual_overrides/cn_overrides.json,
cn_0049,cn,pdfs/case_0049_cn.pdf,drug_info,"{""drug_name"": """", ""active_ingredient"": """", ""product_name"": """", ""applicant"": """", ""application_number"": """", ""source"": ""unknown"", ""confidence"": 0, ""review_required"": true}",,药物信息缺失或置信度低,0,data/manual_overrides/cn_overrides.json,
cn_0050,cn,pdfs/case_0050_cn.pdf,drug_info,"{""drug_name"": """", ""active_ingredient"": """", ""product_name"": """", ""applicant"": """", ""application_number"": """", ""source"": ""unknown"", ""confidence"": 0, ""review_required"": true}",,药物信息缺失或置信度低,0,data/manual_overrides/cn_overrides.json,
cn_0051,cn,pdfs/case_0051_cn.pdf,drug_info,"{""drug_name"": """", ""active_ingredient"": """", ""product_name"": """", ""applicant"": """", ""application_number"": """", ""source"": ""unknown"", ""confidence"": 0, ""review_required"": true}",,药物信息缺失或置信度低,0,data/manual_overrides/cn_overrides.json,
cn_0051,cn,pdfs/case_0051_cn.pdf,drug_info,"{""drug_name"": """", ""active_ingredient"": """", ""product_name"": """", ""applicant"": """", ""application_number"": """", ""source"": ""unknown"", ""confidence"": 0, ""review_required"": true}",,药物信息缺失或置信度低,0,data/manual_overrides/cn_overrides.json,
cn_0052,cn,pdfs/case_0052_cn.pdf,drug_info,"{""drug_name"": """", ""active_ingredient"": """", ""product_name"": """", ""applicant"": """", ""application_number"": """", ""source"": ""unknown"", ""confidence"": 0, ""review_required"": true}",,药物信息缺失或置信度低,0,data/manual_overrides/cn_overrides.json,
cn_0053,cn,pdfs/case_0053_cn.pdf,drug_info,"{""drug_name"": """", ""active_ingredient"": """", ""product_name"": """", ""applicant"": """", ""application_number"": """", ""source"": ""unknown"", ""confidence"": 0, ""review_required"": true}",,药物信息缺失或置信度低,0,data/manual_overrides/cn_overrides.json,
cn_0054,cn,pdfs/case_0054_cn.pdf,drug_info,"{""drug_name"": """", ""active_ingredient"": """", ""product_name"": """", ""applicant"": """", ""application_number"": """", ""source"": ""unknown"", ""confidence"": 0, ""review_required"": true}",,药物信息缺失或置信度低,0,data/manual_overrides/cn_overrides.json,
cn_0055,cn,pdfs/case_0055_cn.pdf,patent_type,其他,,patent_type 为其他或待确认,0.35,data/manual_overrides/cn_overrides.json,
cn_0055,cn,pdfs/case_0055_cn.pdf,drug_info,"{""drug_name"": """", ""active_ingredient"": """", ""product_name"": """", ""applicant"": """", ""application_number"": """", ""source"": ""unknown"", ""confidence"": 0, ""review_required"": true}",,药物信息缺失或置信度低,0,data/manual_overrides/cn_overrides.json,
cn_0056,cn,pdfs/case_0056_cn.pdf,patent_type,其他,,patent_type 为其他或待确认,0.35,data/manual_overrides/cn_overrides.json,
cn_0056,cn,pdfs/case_0056_cn.pdf,drug_info,"{""drug_name"": """", ""active_ingredient"": """", ""product_name"": """", ""applicant"": """", ""application_number"": """", ""source"": ""unknown"", ""confidence"": 0, ""review_required"": true}",,药物信息缺失或置信度低,0,data/manual_overrides/cn_overrides.json,
cn_0057,cn,pdfs/case_0057_cn.pdf,drug_info,"{""drug_name"": """", ""active_ingredient"": """", ""product_name"": """", ""applicant"": """", ""application_number"": """", ""source"": ""unknown"", ""confidence"": 0, ""review_required"": true}",,药物信息缺失或置信度低,0,data/manual_overrides/cn_overrides.json,
cn_0058,cn,pdfs/case_0058_cn.pdf,drug_info,"{""drug_name"": """", ""active_ingredient"": """", ""product_name"": """", ""applicant"": """", ""application_number"": """", ""source"": ""unknown"", ""confidence"": 0, ""review_required"": true}",,药物信息缺失或置信度低,0,data/manual_overrides/cn_overrides.json,
cn_0059,cn,pdfs/case_0059_cn.pdf,patent_type,其他,,patent_type 为其他或待确认,0.35,data/manual_overrides/cn_overrides.json,
cn_0059,cn,pdfs/case_0059_cn.pdf,drug_info,"{""drug_name"": """", ""active_ingredient"": """", ""product_name"": """", ""applicant"": """", ""application_number"": """", ""source"": ""unknown"", ""confidence"": 0, ""review_required"": true}",,药物信息缺失或置信度低,0,data/manual_overrides/cn_overrides.json,
cn_0060,cn,pdfs/case_0060_cn.pdf,drug_info,"{""drug_name"": """", ""active_ingredient"": """", ""product_name"": """", ""applicant"": """", ""application_number"": """", ""source"": ""unknown"", ""confidence"": 0, ""review_required"": true}",,药物信息缺失或置信度低,0,data/manual_overrides/cn_overrides.json,
cn_0061,cn,pdfs/case_0061_cn.pdf,legal_points,"[""pending_review""]",,中国法律点为空或待确认,0.2,data/manual_overrides/cn_overrides.json,
cn_0061,cn,pdfs/case_0061_cn.pdf,drug_info,"{""drug_name"": """", ""active_ingredient"": """", ""product_name"": """", ""applicant"": """", ""application_number"": """", ""source"": ""unknown"", ""confidence"": 0, ""review_required"": true}",,药物信息缺失或置信度低,0,data/manual_overrides/cn_overrides.json,
cn_0062,cn,pdfs/case_0062_cn.pdf,drug_info,"{""drug_name"": """", ""active_ingredient"": """", ""product_name"": """", ""applicant"": """", ""application_number"": """", ""source"": ""unknown"", ""confidence"": 0, ""review_required"": true}",,药物信息缺失或置信度低,0,data/manual_overrides/cn_overrides.json,
cn_0063,cn,pdfs/case_0063_cn.pdf,drug_info,"{""drug_name"": """", ""active_ingredient"": """", ""product_name"": """", ""applicant"": """", ""application_number"": """", ""source"": ""unknown"", ""confidence"": 0, ""review_required"": true}",,药物信息缺失或置信度低,0,data/manual_overrides/cn_overrides.json,
cn_0064,cn,pdfs/case_0064_cn.pdf,drug_info,"{""drug_name"": """", ""active_ingredient"": """", ""product_name"": """", ""applicant"": """", ""application_number"": """", ""source"": ""unknown"", ""confidence"": 0, ""review_required"": true}",,药物信息缺失或置信度低,0,data/manual_overrides/cn_overrides.json,
cn_0065,cn,pdfs/case_0065_cn.pdf,drug_info,"{""drug_name"": """", ""active_ingredient"": """", ""product_name"": """", ""applicant"": """", ""application_number"": """", ""source"": ""unknown"", ""confidence"": 0, ""review_required"": true}",,药物信息缺失或置信度低,0,data/manual_overrides/cn_overrides.json,
cn_0066,cn,pdfs/case_0066_cn.pdf,drug_info,"{""drug_name"": """", ""active_ingredient"": """", ""product_name"": """", ""applicant"": """", ""application_number"": """", ""source"": ""unknown"", ""confidence"": 0, ""review_required"": true}",,药物信息缺失或置信度低,0,data/manual_overrides/cn_overrides.json,
cn_0067,cn,pdfs/case_0067_cn.pdf,legal_points,"[""pending_review""]",,中国法律点为空或待确认,0.2,data/manual_overrides/cn_overrides.json,
cn_0067,cn,pdfs/case_0067_cn.pdf,drug_info,"{""drug_name"": """", ""active_ingredient"": """", ""product_name"": """", ""applicant"": """", ""application_number"": """", ""source"": ""unknown"", ""confidence"": 0, ""review_required"": true}",,药物信息缺失或置信度低,0,data/manual_overrides/cn_overrides.json,
cn_0068,cn,pdfs/case_0068_cn.pdf,drug_info,"{""drug_name"": """", ""active_ingredient"": """", ""product_name"": """", ""applicant"": """", ""application_number"": """", ""source"": ""unknown"", ""confidence"": 0, ""review_required"": true}",,药物信息缺失或置信度低,0,data/manual_overrides/cn_overrides.json,
cn_0069,cn,pdfs/case_0069_cn.pdf,drug_info,"{""drug_name"": """", ""active_ingredient"": """", ""product_name"": """", ""applicant"": """", ""application_number"": """", ""source"": ""unknown"", ""confidence"": 0, ""review_required"": true}",,药物信息缺失或置信度低,0,data/manual_overrides/cn_overrides.json,
cn_0069,cn,pdfs/case_0069_cn.pdf,drug_info,"{""drug_name"": """", ""active_ingredient"": """", ""product_name"": """", ""applicant"": """", ""application_number"": """", ""source"": ""unknown"", ""confidence"": 0, ""review_required"": true}",,药物信息缺失或置信度低,0,data/manual_overrides/cn_overrides.json,
cn_0070,cn,pdfs/case_0070_cn.pdf,drug_info,"{""drug_name"": """", ""active_ingredient"": """", ""product_name"": """", ""applicant"": """", ""application_number"": """", ""source"": ""unknown"", ""confidence"": 0, ""review_required"": true}",,药物信息缺失或置信度低,0,data/manual_overrides/cn_overrides.json,
cn_0071,cn,pdfs/case_0071_cn.pdf,drug_info,"{""drug_name"": """", ""active_ingredient"": """", ""product_name"": """", ""applicant"": """", ""application_number"": """", ""source"": ""unknown"", ""confidence"": 0, ""review_required"": true}",,药物信息缺失或置信度低,0,data/manual_overrides/cn_overrides.json,
cn_0072,cn,pdfs/case_0072_cn.pdf,legal_points,"[""pending_review""]",,中国法律点为空或待确认,0.2,data/manual_overrides/cn_overrides.json,
cn_0072,cn,pdfs/case_0072_cn.pdf,drug_info,"{""drug_name"": """", ""active_ingredient"": """", ""product_name"": """", ""applicant"": """", ""application_number"": """", ""source"": ""unknown"", ""confidence"": 0, ""review_required"": true}",,药物信息缺失或置信度低,0,data/manual_overrides/cn_overrides.json,
cn_0073,cn,pdfs/case_0073_cn.pdf,drug_info,"{""drug_name"": """", ""active_ingredient"": """", ""product_name"": """", ""applicant"": """", ""application_number"": """", ""source"": ""unknown"", ""confidence"": 0, ""review_required"": true}",,药物信息缺失或置信度低,0,data/manual_overrides/cn_overrides.json,
cn_0074,cn,pdfs/case_0074_cn.pdf,patent_type,其他,,patent_type 为其他或待确认,0.35,data/manual_overrides/cn_overrides.json,
cn_0074,cn,pdfs/case_0074_cn.pdf,drug_info,"{""drug_name"": """", ""active_ingredient"": """", ""product_name"": """", ""applicant"": """", ""application_number"": """", ""source"": ""unknown"", ""confidence"": 0, ""review_required"": true}",,药物信息缺失或置信度低,0,data/manual_overrides/cn_overrides.json,
cn_0075,cn,pdfs/case_0075_cn.pdf,drug_info,"{""drug_name"": """", ""active_ingredient"": """", ""product_name"": """", ""applicant"": """", ""application_number"": """", ""source"": ""unknown"", ""confidence"": 0, ""review_required"": true}",,药物信息缺失或置信度低,0,data/manual_overrides/cn_overrides.json,
cn_0076,cn,pdfs/case_0076_cn.pdf,drug_info,"{""drug_name"": """", ""active_ingredient"": """", ""product_name"": """", ""applicant"": """", ""application_number"": """", ""source"": ""unknown"", ""confidence"": 0, ""review_required"": true}",,药物信息缺失或置信度低,0,data/manual_overrides/cn_overrides.json,
cn_0077,cn,pdfs/case_0077_cn.pdf,drug_info,"{""drug_name"": """", ""active_ingredient"": """", ""product_name"": """", ""applicant"": """", ""application_number"": """", ""source"": ""unknown"", ""confidence"": 0, ""review_required"": true}",,药物信息缺失或置信度低,0,data/manual_overrides/cn_overrides.json,
cn_0078,cn,pdfs/case_0078_cn.pdf,drug_info,"{""drug_name"": """", ""active_ingredient"": """", ""product_name"": """", ""applicant"": """", ""application_number"": """", ""source"": ""unknown"", ""confidence"": 0, ""review_required"": true}",,药物信息缺失或置信度低,0,data/manual_overrides/cn_overrides.json,
cn_0079,cn,pdfs/case_0079_cn.pdf,drug_info,"{""drug_name"": """", ""active_ingredient"": """", ""product_name"": """", ""applicant"": """", ""application_number"": """", ""source"": ""unknown"", ""confidence"": 0, ""review_required"": true}",,药物信息缺失或置信度低,0,data/manual_overrides/cn_overrides.json,
cn_0080,cn,pdfs/case_0080_cn.pdf,drug_info,"{""drug_name"": """", ""active_ingredient"": """", ""product_name"": """", ""applicant"": """", ""application_number"": """", ""source"": ""unknown"", ""confidence"": 0, ""review_required"": true}",,药物信息缺失或置信度低,0,data/manual_overrides/cn_overrides.json,
cn_0081,cn,pdfs/case_0081_cn.pdf,drug_info,"{""drug_name"": """", ""active_ingredient"": """", ""product_name"": """", ""applicant"": """", ""application_number"": """", ""source"": ""unknown"", ""confidence"": 0, ""review_required"": true}",,药物信息缺失或置信度低,0,data/manual_overrides/cn_overrides.json,
cn_0082,cn,pdfs/case_0082_cn.pdf,drug_info,"{""drug_name"": """", ""active_ingredient"": """", ""product_name"": """", ""applicant"": """", ""application_number"": """", ""source"": ""unknown"", ""confidence"": 0, ""review_required"": true}",,药物信息缺失或置信度低,0,data/manual_overrides/cn_overrides.json,
cn_0082,cn,pdfs/case_0082_cn.pdf,drug_info,"{""drug_name"": """", ""active_ingredient"": """", ""product_name"": """", ""applicant"": """", ""application_number"": """", ""source"": ""unknown"", ""confidence"": 0, ""review_required"": true}",,药物信息缺失或置信度低,0,data/manual_overrides/cn_overrides.json,
cn_0083,cn,pdfs/case_0083_cn.pdf,drug_info,"{""drug_name"": """", ""active_ingredient"": """", ""product_name"": """", ""applicant"": """", ""application_number"": """", ""source"": ""unknown"", ""confidence"": 0, ""review_required"": true}",,药物信息缺失或置信度低,0,data/manual_overrides/cn_overrides.json,
cn_0084,cn,pdfs/case_0084_cn.pdf,drug_info,"{""drug_name"": """", ""active_ingredient"": """", ""product_name"": """", ""applicant"": """", ""application_number"": """", ""source"": ""unknown"", ""confidence"": 0, ""review_required"": true}",,药物信息缺失或置信度低,0,data/manual_overrides/cn_overrides.json,
cn_0085,cn,pdfs/case_0085_cn.pdf,drug_info,"{""drug_name"": """", ""active_ingredient"": """", ""product_name"": """", ""applicant"": """", ""application_number"": """", ""source"": ""unknown"", ""confidence"": 0, ""review_required"": true}",,药物信息缺失或置信度低,0,data/manual_overrides/cn_overrides.json,
cn_0086,cn,pdfs/case_0086_cn.pdf,drug_info,"{""drug_name"": """", ""active_ingredient"": """", ""product_name"": """", ""applicant"": """", ""application_number"": """", ""source"": ""unknown"", ""confidence"": 0, ""review_required"": true}",,药物信息缺失或置信度低,0,data/manual_overrides/cn_overrides.json,
cn_0087,cn,pdfs/case_0087_cn.pdf,drug_info,"{""drug_name"": """", ""active_ingredient"": """", ""product_name"": """", ""applicant"": """", ""application_number"": """", ""source"": ""unknown"", ""confidence"": 0, ""review_required"": true}",,药物信息缺失或置信度低,0,data/manual_overrides/cn_overrides.json,
cn_0088,cn,pdfs/case_0088_cn.pdf,drug_info,"{""drug_name"": """", ""active_ingredient"": """", ""product_name"": """", ""applicant"": """", ""application_number"": """", ""source"": ""unknown"", ""confidence"": 0, ""review_required"": true}",,药物信息缺失或置信度低,0,data/manual_overrides/cn_overrides.json,
cn_0089,cn,pdfs/case_0089_cn.pdf,drug_info,"{""drug_name"": """", ""active_ingredient"": """", ""product_name"": """", ""applicant"": """", ""application_number"": """", ""source"": ""unknown"", ""confidence"": 0, ""review_required"": true}",,药物信息缺失或置信度低,0,data/manual_overrides/cn_overrides.json,
cn_0090,cn,pdfs/case_0090_cn.pdf,drug_info,"{""drug_name"": """", ""active_ingredient"": """", ""product_name"": """", ""applicant"": """", ""application_number"": """", ""source"": ""unknown"", ""confidence"": 0, ""review_required"": true}",,药物信息缺失或置信度低,0,data/manual_overrides/cn_overrides.json,
cn_0091,cn,pdfs/case_0091_cn.pdf,drug_info,"{""drug_name"": """", ""active_ingredient"": """", ""product_name"": """", ""applicant"": """", ""application_number"": """", ""source"": ""unknown"", ""confidence"": 0, ""review_required"": true}",,药物信息缺失或置信度低,0,data/manual_overrides/cn_overrides.json,
cn_0092,cn,pdfs/case_0092_cn.pdf,drug_info,"{""drug_name"": """", ""active_ingredient"": """", ""product_name"": """", ""applicant"": """", ""application_number"": """", ""source"": ""unknown"", ""confidence"": 0, ""review_required"": true}",,药物信息缺失或置信度低,0,data/manual_overrides/cn_overrides.json,
cn_0093,cn,pdfs/case_0093_cn.pdf,patent_type,其他,,patent_type 为其他或待确认,0.35,data/manual_overrides/cn_overrides.json,
cn_0093,cn,pdfs/case_0093_cn.pdf,drug_info,"{""drug_name"": """", ""active_ingredient"": """", ""product_name"": """", ""applicant"": """", ""application_number"": """", ""source"": ""unknown"", ""confidence"": 0, ""review_required"": true}",,药物信息缺失或置信度低,0,data/manual_overrides/cn_overrides.json,
cn_0094,cn,pdfs/case_0094_cn.pdf,drug_info,"{""drug_name"": """", ""active_ingredient"": """", ""product_name"": """", ""applicant"": """", ""application_number"": """", ""source"": ""unknown"", ""confidence"": 0, ""review_required"": true}",,药物信息缺失或置信度低,0,data/manual_overrides/cn_overrides.json,
cn_0095,cn,pdfs/case_0095_cn.pdf,drug_info,"{""drug_name"": """", ""active_ingredient"": """", ""product_name"": """", ""applicant"": """", ""application_number"": """", ""source"": ""unknown"", ""confidence"": 0, ""review_required"": true}",,药物信息缺失或置信度低,0,data/manual_overrides/cn_overrides.json,
cn_0097,cn,pdfs/case_0097_cn.pdf,drug_info,"{""drug_name"": """", ""active_ingredient"": """", ""product_name"": """", ""applicant"": """", ""application_number"": """", ""source"": ""unknown"", ""confidence"": 0, ""review_required"": true}",,药物信息缺失或置信度低,0,data/manual_overrides/cn_overrides.json,
cn_0098,cn,pdfs/case_0098_cn.pdf,drug_info,"{""drug_name"": """", ""active_ingredient"": """", ""product_name"": """", ""applicant"": """", ""application_number"": """", ""source"": ""unknown"", ""confidence"": 0, ""review_required"": true}",,药物信息缺失或置信度低,0,data/manual_overrides/cn_overrides.json,
cn_0099,cn,pdfs/case_0099_cn.pdf,drug_info,"{""drug_name"": """", ""active_ingredient"": """", ""product_name"": """", ""applicant"": """", ""application_number"": """", ""source"": ""unknown"", ""confidence"": 0, ""review_required"": true}",,药物信息缺失或置信度低,0,data/manual_overrides/cn_overrides.json,
cn_0100,cn,pdfs/case_0100_cn.pdf,drug_info,"{""drug_name"": """", ""active_ingredient"": ""匹可硫酸钠 10.0mg，轻质氧化镁 3.5g，无水枸橼酸 12.0g"", ""product_name"": """", ""applicant"": """", ""application_number"": """", ""source"": ""pdf"", ""confidence"": 0.2, ""review_required"": true}",,药物信息缺失或置信度低,0.2,data/manual_overrides/cn_overrides.json,
cn_0101,cn,pdfs/case_0101_cn.pdf,drug_info,"{""drug_name"": """", ""active_ingredient"": """", ""product_name"": """", ""applicant"": """", ""application_number"": """", ""source"": ""unknown"", ""confidence"": 0, ""review_required"": true}",,药物信息缺失或置信度低,0,data/manual_overrides/cn_overrides.json,
cn_0102,cn,pdfs/case_0102_cn.pdf,drug_info,"{""drug_name"": """", ""active_ingredient"": """", ""product_name"": """", ""applicant"": """", ""application_number"": """", ""source"": ""unknown"", ""confidence"": 0, ""review_required"": true}",,药物信息缺失或置信度低,0,data/manual_overrides/cn_overrides.json,
cn_0103,cn,pdfs/case_0103_cn.pdf,drug_info,"{""drug_name"": """", ""active_ingredient"": """", ""product_name"": """", ""applicant"": """", ""application_number"": """", ""source"": ""unknown"", ""confidence"": 0, ""review_required"": true}",,药物信息缺失或置信度低,0,data/manual_overrides/cn_overrides.json,
cn_0103,cn,pdfs/case_0103_cn.pdf,drug_info,"{""drug_name"": """", ""active_ingredient"": """", ""product_name"": """", ""applicant"": """", ""application_number"": """", ""source"": ""unknown"", ""confidence"": 0, ""review_required"": true}",,药物信息缺失或置信度低,0,data/manual_overrides/cn_overrides.json,
cn_0104,cn,pdfs/case_0104_cn.pdf,drug_info,"{""drug_name"": """", ""active_ingredient"": """", ""product_name"": """", ""applicant"": """", ""application_number"": """", ""source"": ""unknown"", ""confidence"": 0, ""review_required"": true}",,药物信息缺失或置信度低,0,data/manual_overrides/cn_overrides.json,
cn_0105,cn,pdfs/case_0105_cn.pdf,drug_info,"{""drug_name"": """", ""active_ingredient"": """", ""product_name"": """", ""applicant"": """", ""application_number"": """", ""source"": ""unknown"", ""confidence"": 0, ""review_required"": true}",,药物信息缺失或置信度低,0,data/manual_overrides/cn_overrides.json,
cn_0106,cn,pdfs/case_0106_cn.pdf,drug_info,"{""drug_name"": """", ""active_ingredient"": """", ""product_name"": """", ""applicant"": """", ""application_number"": """", ""source"": ""unknown"", ""confidence"": 0, ""review_required"": true}",,药物信息缺失或置信度低,0,data/manual_overrides/cn_overrides.json,
cn_0107,cn,pdfs/case_0107_cn.pdf,drug_info,"{""drug_name"": """", ""active_ingredient"": """", ""product_name"": """", ""applicant"": """", ""application_number"": """", ""source"": ""unknown"", ""confidence"": 0, ""review_required"": true}",,药物信息缺失或置信度低,0,data/manual_overrides/cn_overrides.json,
cn_0108,cn,pdfs/case_0108_cn.pdf,drug_info,"{""drug_name"": """", ""active_ingredient"": """", ""product_name"": """", ""applicant"": """", ""application_number"": """", ""source"": ""unknown"", ""confidence"": 0, ""review_required"": true}",,药物信息缺失或置信度低,0,data/manual_overrides/cn_overrides.json,
cn_0109,cn,pdfs/case_0109_cn.pdf,patent_type,其他,,patent_type 为其他或待确认,0.35,data/manual_overrides/cn_overrides.json,
cn_0109,cn,pdfs/case_0109_cn.pdf,legal_points,"[""pending_review""]",,中国法律点为空或待确认,0.2,data/manual_overrides/cn_overrides.json,
cn_0109,cn,pdfs/case_0109_cn.pdf,drug_info,"{""drug_name"": """", ""active_ingredient"": """", ""product_name"": """", ""applicant"": """", ""application_number"": """", ""source"": ""unknown"", ""confidence"": 0, ""review_required"": true}",,药物信息缺失或置信度低,0,data/manual_overrides/cn_overrides.json,
cn_0110,cn,pdfs/case_0110_cn.pdf,drug_info,"{""drug_name"": """", ""active_ingredient"": """", ""product_name"": """", ""applicant"": """", ""application_number"": """", ""source"": ""unknown"", ""confidence"": 0, ""review_required"": true}",,药物信息缺失或置信度低,0,data/manual_overrides/cn_overrides.json,
cn_0112,cn,pdfs/case_0112_cn.pdf,legal_points,"[""pending_review""]",,中国法律点为空或待确认,0.2,data/manual_overrides/cn_overrides.json,
cn_0112,cn,pdfs/case_0112_cn.pdf,drug_info,"{""drug_name"": """", ""active_ingredient"": """", ""product_name"": """", ""applicant"": """", ""application_number"": """", ""source"": ""unknown"", ""confidence"": 0, ""review_required"": true}",,药物信息缺失或置信度低,0,data/manual_overrides/cn_overrides.json,
cn_0113,cn,pdfs/case_0113_cn.pdf,legal_points,"[""pending_review""]",,中国法律点为空或待确认,0.2,data/manual_overrides/cn_overrides.json,
cn_0113,cn,pdfs/case_0113_cn.pdf,drug_info,"{""drug_name"": """", ""active_ingredient"": """", ""product_name"": """", ""applicant"": """", ""application_number"": """", ""source"": ""unknown"", ""confidence"": 0, ""review_required"": true}",,药物信息缺失或置信度低,0,data/manual_overrides/cn_overrides.json,
cn_0114,cn,pdfs/case_0114_cn.pdf,drug_info,"{""drug_name"": """", ""active_ingredient"": """", ""product_name"": """", ""applicant"": """", ""application_number"": """", ""source"": ""unknown"", ""confidence"": 0, ""review_required"": true}",,药物信息缺失或置信度低,0,data/manual_overrides/cn_overrides.json,
cn_0115,cn,pdfs/case_0115_cn.pdf,drug_info,"{""drug_name"": """", ""active_ingredient"": """", ""product_name"": """", ""applicant"": """", ""application_number"": """", ""source"": ""unknown"", ""confidence"": 0, ""review_required"": true}",,药物信息缺失或置信度低,0,data/manual_overrides/cn_overrides.json,
cn_0116,cn,pdfs/case_0116_cn.pdf,drug_info,"{""drug_name"": """", ""active_ingredient"": """", ""product_name"": """", ""applicant"": """", ""application_number"": """", ""source"": ""unknown"", ""confidence"": 0, ""review_required"": true}",,药物信息缺失或置信度低,0,data/manual_overrides/cn_overrides.json,
cn_0117,cn,pdfs/case_0117_cn.pdf,drug_info,"{""drug_name"": """", ""active_ingredient"": """", ""product_name"": """", ""applicant"": """", ""application_number"": """", ""source"": ""unknown"", ""confidence"": 0, ""review_required"": true}",,药物信息缺失或置信度低,0,data/manual_overrides/cn_overrides.json,
cn_0118,cn,pdfs/case_0118_cn.pdf,legal_points,"[""pending_review""]",,中国法律点为空或待确认,0.2,data/manual_overrides/cn_overrides.json,
cn_0118,cn,pdfs/case_0118_cn.pdf,drug_info,"{""drug_name"": """", ""active_ingredient"": """", ""product_name"": """", ""applicant"": """", ""application_number"": """", ""source"": ""unknown"", ""confidence"": 0, ""review_required"": true}",,药物信息缺失或置信度低,0,data/manual_overrides/cn_overrides.json,
cn_0119,cn,pdfs/case_0119_cn.pdf,drug_info,"{""drug_name"": """", ""active_ingredient"": """", ""product_name"": """", ""applicant"": """", ""application_number"": """", ""source"": ""unknown"", ""confidence"": 0, ""review_required"": true}",,药物信息缺失或置信度低,0,data/manual_overrides/cn_overrides.json,
cn_0119,cn,pdfs/case_0119_cn.pdf,drug_info,"{""drug_name"": """", ""active_ingredient"": """", ""product_name"": """", ""applicant"": """", ""application_number"": """", ""source"": ""unknown"", ""confidence"": 0, ""review_required"": true}",,药物信息缺失或置信度低,0,data/manual_overrides/cn_overrides.json,
cn_0120,cn,pdfs/case_0120_cn.pdf,drug_info,"{""drug_name"": """", ""active_ingredient"": """", ""product_name"": """", ""applicant"": """", ""application_number"": """", ""source"": ""unknown"", ""confidence"": 0, ""review_required"": true}",,药物信息缺失或置信度低,0,data/manual_overrides/cn_overrides.json,
cn_0124,cn,pdfs/case_0124_cn.pdf,drug_info,"{""drug_name"": """", ""active_ingredient"": """", ""product_name"": """", ""applicant"": """", ""application_number"": """", ""source"": ""unknown"", ""confidence"": 0, ""review_required"": true}",,药物信息缺失或置信度低,0,data/manual_overrides/cn_overrides.json,
cn_0125,cn,pdfs/case_0125_cn.pdf,drug_info,"{""drug_name"": """", ""active_ingredient"": """", ""product_name"": """", ""applicant"": """", ""application_number"": """", ""source"": ""unknown"", ""confidence"": 0, ""review_required"": true}",,药物信息缺失或置信度低,0,data/manual_overrides/cn_overrides.json,
cn_0126,cn,pdfs/case_0126_cn.pdf,drug_info,"{""drug_name"": """", ""active_ingredient"": """", ""product_name"": """", ""applicant"": """", ""application_number"": """", ""source"": ""unknown"", ""confidence"": 0, ""review_required"": true}",,药物信息缺失或置信度低,0,data/manual_overrides/cn_overrides.json,
cn_0127,cn,pdfs/case_0127_cn.pdf,drug_info,"{""drug_name"": """", ""active_ingredient"": """", ""product_name"": """", ""applicant"": """", ""application_number"": """", ""source"": ""unknown"", ""confidence"": 0, ""review_required"": true}",,药物信息缺失或置信度低,0,data/manual_overrides/cn_overrides.json,
cn_0128,cn,pdfs/case_0128_cn.pdf,drug_info,"{""drug_name"": """", ""active_ingredient"": """", ""product_name"": """", ""applicant"": """", ""application_number"": """", ""source"": ""unknown"", ""confidence"": 0, ""review_required"": true}",,药物信息缺失或置信度低,0,data/manual_overrides/cn_overrides.json,
cn_0129,cn,pdfs/case_0129_cn.pdf,drug_info,"{""drug_name"": """", ""active_ingredient"": """", ""product_name"": """", ""applicant"": """", ""application_number"": """", ""source"": ""unknown"", ""confidence"": 0, ""review_required"": true}",,药物信息缺失或置信度低,0,data/manual_overrides/cn_overrides.json,
cn_0130,cn,pdfs/case_0130_cn.pdf,drug_info,"{""drug_name"": """", ""active_ingredient"": """", ""product_name"": """", ""applicant"": """", ""application_number"": """", ""source"": ""unknown"", ""confidence"": 0, ""review_required"": true}",,药物信息缺失或置信度低,0,data/manual_overrides/cn_overrides.json,
cn_0131,cn,pdfs/case_0131_cn.pdf,drug_info,"{""drug_name"": """", ""active_ingredient"": """", ""product_name"": """", ""applicant"": """", ""application_number"": """", ""source"": ""unknown"", ""confidence"": 0, ""review_required"": true}",,药物信息缺失或置信度低,0,data/manual_overrides/cn_overrides.json,
cn_0132,cn,pdfs/case_0132_cn.pdf,drug_info,"{""drug_name"": """", ""active_ingredient"": """", ""product_name"": """", ""applicant"": """", ""application_number"": """", ""source"": ""unknown"", ""confidence"": 0, ""review_required"": true}",,药物信息缺失或置信度低,0,data/manual_overrides/cn_overrides.json,
cn_0133,cn,pdfs/case_0133_cn.pdf,drug_info,"{""drug_name"": """", ""active_ingredient"": """", ""product_name"": """", ""applicant"": """", ""application_number"": """", ""source"": ""unknown"", ""confidence"": 0, ""review_required"": true}",,药物信息缺失或置信度低,0,data/manual_overrides/cn_overrides.json,
cn_0134,cn,pdfs/case_0134_cn.pdf,drug_info,"{""drug_name"": """", ""active_ingredient"": """", ""product_name"": """", ""applicant"": """", ""application_number"": """", ""source"": ""unknown"", ""confidence"": 0, ""review_required"": true}",,药物信息缺失或置信度低,0,data/manual_overrides/cn_overrides.json,
cn_0134,cn,pdfs/case_0134_cn.pdf,drug_info,"{""drug_name"": """", ""active_ingredient"": """", ""product_name"": """", ""applicant"": """", ""application_number"": """", ""source"": ""unknown"", ""confidence"": 0, ""review_required"": true}",,药物信息缺失或置信度低,0,data/manual_overrides/cn_overrides.json,
cn_0135,cn,pdfs/case_0135_cn.pdf,drug_info,"{""drug_name"": """", ""active_ingredient"": """", ""product_name"": """", ""applicant"": """", ""application_number"": """", ""source"": ""unknown"", ""confidence"": 0, ""review_required"": true}",,药物信息缺失或置信度低,0,data/manual_overrides/cn_overrides.json,
cn_0135,cn,pdfs/case_0135_cn.pdf,drug_info,"{""drug_name"": """", ""active_ingredient"": """", ""product_name"": """", ""applicant"": """", ""application_number"": """", ""source"": ""unknown"", ""confidence"": 0, ""review_required"": true}",,药物信息缺失或置信度低,0,data/manual_overrides/cn_overrides.json,
cn_0136,cn,pdfs/case_0136_cn.pdf,patent_type,其他,,patent_type 为其他或待确认,0.35,data/manual_overrides/cn_overrides.json,
cn_0136,cn,pdfs/case_0136_cn.pdf,drug_info,"{""drug_name"": """", ""active_ingredient"": """", ""product_name"": """", ""applicant"": """", ""application_number"": """", ""source"": ""unknown"", ""confidence"": 0, ""review_required"": true}",,药物信息缺失或置信度低,0,data/manual_overrides/cn_overrides.json,
cn_0137,cn,pdfs/case_0137_cn.pdf,patent_type,其他,,patent_type 为其他或待确认,0.35,data/manual_overrides/cn_overrides.json,
cn_0137,cn,pdfs/case_0137_cn.pdf,drug_info,"{""drug_name"": """", ""active_ingredient"": """", ""product_name"": """", ""applicant"": """", ""application_number"": """", ""source"": ""unknown"", ""confidence"": 0, ""review_required"": true}",,药物信息缺失或置信度低,0,data/manual_overrides/cn_overrides.json,
cn_0138,cn,pdfs/case_0138_cn.pdf,drug_info,"{""drug_name"": """", ""active_ingredient"": """", ""product_name"": """", ""applicant"": """", ""application_number"": """", ""source"": ""unknown"", ""confidence"": 0, ""review_required"": true}",,药物信息缺失或置信度低,0,data/manual_overrides/cn_overrides.json,
cn_0139,cn,pdfs/case_0139_cn.pdf,drug_info,"{""drug_name"": """", ""active_ingredient"": """", ""product_name"": """", ""applicant"": """", ""application_number"": """", ""source"": ""unknown"", ""confidence"": 0, ""review_required"": true}",,药物信息缺失或置信度低,0,data/manual_overrides/cn_overrides.json,
cn_0140,cn,pdfs/case_0140_cn.pdf,legal_points,"[""pending_review""]",,中国法律点为空或待确认,0.2,data/manual_overrides/cn_overrides.json,
cn_0140,cn,pdfs/case_0140_cn.pdf,drug_info,"{""drug_name"": """", ""active_ingredient"": """", ""product_name"": """", ""applicant"": """", ""application_number"": """", ""source"": ""unknown"", ""confidence"": 0, ""review_required"": true}",,药物信息缺失或置信度低,0,data/manual_overrides/cn_overrides.json,
cn_0141,cn,pdfs/case_0141_cn.pdf,drug_info,"{""drug_name"": """", ""active_ingredient"": """", ""product_name"": """", ""applicant"": """", ""application_number"": """", ""source"": ""unknown"", ""confidence"": 0, ""review_required"": true}",,药物信息缺失或置信度低,0,data/manual_overrides/cn_overrides.json,
cn_0142,cn,pdfs/case_0142_cn.pdf,drug_info,"{""drug_name"": """", ""active_ingredient"": """", ""product_name"": """", ""applicant"": """", ""application_number"": """", ""source"": ""unknown"", ""confidence"": 0, ""review_required"": true}",,药物信息缺失或置信度低,0,data/manual_overrides/cn_overrides.json,
cn_0144,cn,pdfs/case_0144_cn.pdf,legal_points,"[""pending_review""]",,中国法律点为空或待确认,0.2,data/manual_overrides/cn_overrides.json,
cn_0144,cn,pdfs/case_0144_cn.pdf,drug_info,"{""drug_name"": """", ""active_ingredient"": """", ""product_name"": """", ""applicant"": """", ""application_number"": """", ""source"": ""unknown"", ""confidence"": 0, ""review_required"": true}",,药物信息缺失或置信度低,0,data/manual_overrides/cn_overrides.json,
cn_0146,cn,pdfs/case_0146_cn.pdf,drug_info,"{""drug_name"": """", ""active_ingredient"": """", ""product_name"": """", ""applicant"": """", ""application_number"": """", ""source"": ""unknown"", ""confidence"": 0, ""review_required"": true}",,药物信息缺失或置信度低,0,data/manual_overrides/cn_overrides.json,
cn_0147,cn,pdfs/case_0147_cn.pdf,drug_info,"{""drug_name"": """", ""active_ingredient"": """", ""product_name"": """", ""applicant"": """", ""application_number"": """", ""source"": ""unknown"", ""confidence"": 0, ""review_required"": true}",,药物信息缺失或置信度低,0,data/manual_overrides/cn_overrides.json,
cn_0148,cn,pdfs/case_0148_cn.pdf,drug_info,"{""drug_name"": """", ""active_ingredient"": """", ""product_name"": """", ""applicant"": """", ""application_number"": """", ""source"": ""unknown"", ""confidence"": 0, ""review_required"": true}",,药物信息缺失或置信度低,0,data/manual_overrides/cn_overrides.json,
cn_0149,cn,pdfs/case_0149_cn.pdf,drug_info,"{""drug_name"": """", ""active_ingredient"": """", ""product_name"": """", ""applicant"": """", ""application_number"": """", ""source"": ""unknown"", ""confidence"": 0, ""review_required"": true}",,药物信息缺失或置信度低,0,data/manual_overrides/cn_overrides.json,
cn_0150,cn,pdfs/case_0150_cn.pdf,drug_info,"{""drug_name"": """", ""active_ingredient"": """", ""product_name"": """", ""applicant"": """", ""application_number"": """", ""source"": ""unknown"", ""confidence"": 0, ""review_required"": true}",,药物信息缺失或置信度低,0,data/manual_overrides/cn_overrides.json,
cn_0151,cn,pdfs/case_0151_cn.pdf,drug_info,"{""drug_name"": """", ""active_ingredient"": """", ""product_name"": """", ""applicant"": """", ""application_number"": """", ""source"": ""unknown"", ""confidence"": 0, ""review_required"": true}",,药物信息缺失或置信度低,0,data/manual_overrides/cn_overrides.json,
cn_0152,cn,pdfs/case_0152_cn.pdf,drug_info,"{""drug_name"": """", ""active_ingredient"": """", ""product_name"": """", ""applicant"": """", ""application_number"": """", ""source"": ""unknown"", ""confidence"": 0, ""review_required"": true}",,药物信息缺失或置信度低,0,data/manual_overrides/cn_overrides.json,
cn_0153,cn,pdfs/case_0153_cn.pdf,drug_info,"{""drug_name"": """", ""active_ingredient"": """", ""product_name"": """", ""applicant"": """", ""application_number"": """", ""source"": ""unknown"", ""confidence"": 0, ""review_required"": true}",,药物信息缺失或置信度低,0,data/manual_overrides/cn_overrides.json,
cn_0154,cn,pdfs/case_0154_cn.pdf,drug_info,"{""drug_name"": """", ""active_ingredient"": """", ""product_name"": """", ""applicant"": """", ""application_number"": """", ""source"": ""unknown"", ""confidence"": 0, ""review_required"": true}",,药物信息缺失或置信度低,0,data/manual_overrides/cn_overrides.json,
cn_0155,cn,pdfs/case_0155_cn.pdf,drug_info,"{""drug_name"": """", ""active_ingredient"": """", ""product_name"": """", ""applicant"": """", ""application_number"": """", ""source"": ""unknown"", ""confidence"": 0, ""review_required"": true}",,药物信息缺失或置信度低,0,data/manual_overrides/cn_overrides.json,
cn_0156,cn,pdfs/case_0156_cn.pdf,drug_info,"{""drug_name"": """", ""active_ingredient"": """", ""product_name"": """", ""applicant"": """", ""application_number"": """", ""source"": ""unknown"", ""confidence"": 0, ""review_required"": true}",,药物信息缺失或置信度低,0,data/manual_overrides/cn_overrides.json,
cn_0159,cn,pdfs/case_0159_cn.pdf,drug_info,"{""drug_name"": """", ""active_ingredient"": """", ""product_name"": """", ""applicant"": """", ""application_number"": """", ""source"": ""unknown"", ""confidence"": 0, ""review_required"": true}",,药物信息缺失或置信度低,0,data/manual_overrides/cn_overrides.json,
cn_0160,cn,pdfs/case_0160_cn.pdf,legal_points,"[""pending_review""]",,中国法律点为空或待确认,0.2,data/manual_overrides/cn_overrides.json,
cn_0160,cn,pdfs/case_0160_cn.pdf,drug_info,"{""drug_name"": """", ""active_ingredient"": """", ""product_name"": """", ""applicant"": """", ""application_number"": """", ""source"": ""unknown"", ""confidence"": 0, ""review_required"": true}",,药物信息缺失或置信度低,0,data/manual_overrides/cn_overrides.json,
cn_0161,cn,pdfs/case_0161_cn.pdf,patent_type,其他,,patent_type 为其他或待确认,0.35,data/manual_overrides/cn_overrides.json,
cn_0161,cn,pdfs/case_0161_cn.pdf,drug_info,"{""drug_name"": """", ""active_ingredient"": """", ""product_name"": """", ""applicant"": """", ""application_number"": """", ""source"": ""unknown"", ""confidence"": 0, ""review_required"": true}",,药物信息缺失或置信度低,0,data/manual_overrides/cn_overrides.json,
cn_0162,cn,pdfs/case_0162_cn.pdf,drug_info,"{""drug_name"": """", ""active_ingredient"": """", ""product_name"": """", ""applicant"": """", ""application_number"": """", ""source"": ""unknown"", ""confidence"": 0, ""review_required"": true}",,药物信息缺失或置信度低,0,data/manual_overrides/cn_overrides.json,
cn_0163,cn,pdfs/case_0163_cn.pdf,drug_info,"{""drug_name"": """", ""active_ingredient"": """", ""product_name"": """", ""applicant"": """", ""application_number"": """", ""source"": ""unknown"", ""confidence"": 0, ""review_required"": true}",,药物信息缺失或置信度低,0,data/manual_overrides/cn_overrides.json,
cn_0164,cn,pdfs/case_0164_cn.pdf,drug_info,"{""drug_name"": """", ""active_ingredient"": """", ""product_name"": """", ""applicant"": """", ""application_number"": """", ""source"": ""unknown"", ""confidence"": 0, ""review_required"": true}",,药物信息缺失或置信度低,0,data/manual_overrides/cn_overrides.json,
cn_0165,cn,pdfs/case_0165_cn.pdf,drug_info,"{""drug_name"": """", ""active_ingredient"": """", ""product_name"": """", ""applicant"": """", ""application_number"": """", ""source"": ""unknown"", ""confidence"": 0, ""review_required"": true}",,药物信息缺失或置信度低,0,data/manual_overrides/cn_overrides.json,
cn_0166,cn,pdfs/case_0166_cn.pdf,drug_info,"{""drug_name"": """", ""active_ingredient"": """", ""product_name"": """", ""applicant"": """", ""application_number"": """", ""source"": ""unknown"", ""confidence"": 0, ""review_required"": true}",,药物信息缺失或置信度低,0,data/manual_overrides/cn_overrides.json,
cn_0167,cn,pdfs/case_0167_cn.pdf,drug_info,"{""drug_name"": """", ""active_ingredient"": """", ""product_name"": """", ""applicant"": """", ""application_number"": """", ""source"": ""unknown"", ""confidence"": 0, ""review_required"": true}",,药物信息缺失或置信度低,0,data/manual_overrides/cn_overrides.json,
cn_0168,cn,pdfs/case_0168_cn.pdf,legal_points,"[""pending_review""]",,中国法律点为空或待确认,0.2,data/manual_overrides/cn_overrides.json,
cn_0168,cn,pdfs/case_0168_cn.pdf,drug_info,"{""drug_name"": """", ""active_ingredient"": """", ""product_name"": """", ""applicant"": """", ""application_number"": """", ""source"": ""unknown"", ""confidence"": 0, ""review_required"": true}",,药物信息缺失或置信度低,0,data/manual_overrides/cn_overrides.json,
cn_0170,cn,pdfs/case_0170_cn.pdf,drug_info,"{""drug_name"": """", ""active_ingredient"": """", ""product_name"": """", ""applicant"": """", ""application_number"": """", ""source"": ""unknown"", ""confidence"": 0, ""review_required"": true}",,药物信息缺失或置信度低,0,data/manual_overrides/cn_overrides.json,
cn_0171,cn,pdfs/case_0171_cn.pdf,drug_info,"{""drug_name"": """", ""active_ingredient"": """", ""product_name"": """", ""applicant"": """", ""application_number"": """", ""source"": ""unknown"", ""confidence"": 0, ""review_required"": true}",,药物信息缺失或置信度低,0,data/manual_overrides/cn_overrides.json,
cn_0172,cn,pdfs/case_0172_cn.pdf,drug_info,"{""drug_name"": """", ""active_ingredient"": """", ""product_name"": """", ""applicant"": """", ""application_number"": """", ""source"": ""unknown"", ""confidence"": 0, ""review_required"": true}",,药物信息缺失或置信度低,0,data/manual_overrides/cn_overrides.json,
cn_0173,cn,pdfs/case_0173_cn.pdf,drug_info,"{""drug_name"": """", ""active_ingredient"": """", ""product_name"": """", ""applicant"": """", ""application_number"": """", ""source"": ""unknown"", ""confidence"": 0, ""review_required"": true}",,药物信息缺失或置信度低,0,data/manual_overrides/cn_overrides.json,
cn_0174,cn,pdfs/case_0174_cn.pdf,patent_type,其他,,patent_type 为其他或待确认,0.35,data/manual_overrides/cn_overrides.json,
cn_0174,cn,pdfs/case_0174_cn.pdf,drug_info,"{""drug_name"": """", ""active_ingredient"": """", ""product_name"": """", ""applicant"": """", ""application_number"": """", ""source"": ""unknown"", ""confidence"": 0, ""review_required"": true}",,药物信息缺失或置信度低,0,data/manual_overrides/cn_overrides.json,
cn_0175,cn,pdfs/case_0175_cn.pdf,drug_info,"{""drug_name"": """", ""active_ingredient"": """", ""product_name"": """", ""applicant"": """", ""application_number"": """", ""source"": ""unknown"", ""confidence"": 0, ""review_required"": true}",,药物信息缺失或置信度低,0,data/manual_overrides/cn_overrides.json,
cn_0176,cn,pdfs/case_0176_cn.pdf,legal_points,"[""pending_review""]",,中国法律点为空或待确认,0.2,data/manual_overrides/cn_overrides.json,
cn_0176,cn,pdfs/case_0176_cn.pdf,drug_info,"{""drug_name"": """", ""active_ingredient"": """", ""product_name"": """", ""applicant"": """", ""application_number"": """", ""source"": ""unknown"", ""confidence"": 0, ""review_required"": true}",,药物信息缺失或置信度低,0,data/manual_overrides/cn_overrides.json,
cn_0178,cn,pdfs/case_0178_cn.pdf,drug_info,"{""drug_name"": """", ""active_ingredient"": """", ""product_name"": """", ""applicant"": """", ""application_number"": """", ""source"": ""unknown"", ""confidence"": 0, ""review_required"": true}",,药物信息缺失或置信度低,0,data/manual_overrides/cn_overrides.json,
cn_0179,cn,pdfs/case_0179_cn.pdf,drug_info,"{""drug_name"": """", ""active_ingredient"": """", ""product_name"": """", ""applicant"": """", ""application_number"": """", ""source"": ""unknown"", ""confidence"": 0, ""review_required"": true}",,药物信息缺失或置信度低,0,data/manual_overrides/cn_overrides.json,
cn_0180,cn,pdfs/case_0180_cn.pdf,drug_info,"{""drug_name"": """", ""active_ingredient"": """", ""product_name"": """", ""applicant"": """", ""application_number"": """", ""source"": ""unknown"", ""confidence"": 0, ""review_required"": true}",,药物信息缺失或置信度低,0,data/manual_overrides/cn_overrides.json,
cn_0181,cn,pdfs/case_0181_cn.pdf,drug_info,"{""drug_name"": """", ""active_ingredient"": """", ""product_name"": """", ""applicant"": """", ""application_number"": """", ""source"": ""unknown"", ""confidence"": 0, ""review_required"": true}",,药物信息缺失或置信度低,0,data/manual_overrides/cn_overrides.json,
cn_0182,cn,pdfs/case_0182_cn.pdf,drug_info,"{""drug_name"": """", ""active_ingredient"": """", ""product_name"": """", ""applicant"": """", ""application_number"": """", ""source"": ""unknown"", ""confidence"": 0, ""review_required"": true}",,药物信息缺失或置信度低,0,data/manual_overrides/cn_overrides.json,
cn_0183,cn,pdfs/case_0183_cn.pdf,patent_type,其他,,patent_type 为其他或待确认,0.35,data/manual_overrides/cn_overrides.json,
cn_0183,cn,pdfs/case_0183_cn.pdf,drug_info,"{""drug_name"": """", ""active_ingredient"": """", ""product_name"": """", ""applicant"": """", ""application_number"": """", ""source"": ""unknown"", ""confidence"": 0, ""review_required"": true}",,药物信息缺失或置信度低,0,data/manual_overrides/cn_overrides.json,
cn_0184,cn,pdfs/case_0184_cn.pdf,drug_info,"{""drug_name"": """", ""active_ingredient"": """", ""product_name"": """", ""applicant"": """", ""application_number"": """", ""source"": ""unknown"", ""confidence"": 0, ""review_required"": true}",,药物信息缺失或置信度低,0,data/manual_overrides/cn_overrides.json,
cn_0185,cn,pdfs/case_0185_cn.pdf,drug_info,"{""drug_name"": """", ""active_ingredient"": """", ""product_name"": """", ""applicant"": """", ""application_number"": """", ""source"": ""unknown"", ""confidence"": 0, ""review_required"": true}",,药物信息缺失或置信度低,0,data/manual_overrides/cn_overrides.json,
cn_0186,cn,pdfs/case_0186_cn.pdf,drug_info,"{""drug_name"": """", ""active_ingredient"": """", ""product_name"": """", ""applicant"": """", ""application_number"": """", ""source"": ""unknown"", ""confidence"": 0, ""review_required"": true}",,药物信息缺失或置信度低,0,data/manual_overrides/cn_overrides.json,
cn_0187,cn,pdfs/case_0187_cn.pdf,drug_info,"{""drug_name"": """", ""active_ingredient"": """", ""product_name"": """", ""applicant"": """", ""application_number"": """", ""source"": ""unknown"", ""confidence"": 0, ""review_required"": true}",,药物信息缺失或置信度低,0,data/manual_overrides/cn_overrides.json,
cn_0188,cn,pdfs/case_0188_cn.pdf,drug_info,"{""drug_name"": """", ""active_ingredient"": """", ""product_name"": """", ""applicant"": """", ""application_number"": """", ""source"": ""unknown"", ""confidence"": 0, ""review_required"": true}",,药物信息缺失或置信度低,0,data/manual_overrides/cn_overrides.json,
cn_0189,cn,pdfs/case_0189_cn.pdf,drug_info,"{""drug_name"": """", ""active_ingredient"": """", ""product_name"": """", ""applicant"": """", ""application_number"": """", ""source"": ""unknown"", ""confidence"": 0, ""review_required"": true}",,药物信息缺失或置信度低,0,data/manual_overrides/cn_overrides.json,
cn_0190,cn,pdfs/case_0190_cn.pdf,legal_points,"[""pending_review""]",,中国法律点为空或待确认,0.2,data/manual_overrides/cn_overrides.json,
cn_0190,cn,pdfs/case_0190_cn.pdf,drug_info,"{""drug_name"": """", ""active_ingredient"": """", ""product_name"": """", ""applicant"": """", ""application_number"": """", ""source"": ""unknown"", ""confidence"": 0, ""review_required"": true}",,药物信息缺失或置信度低,0,data/manual_overrides/cn_overrides.json,
cn_0191,cn,pdfs/case_0191_cn.pdf,drug_info,"{""drug_name"": """", ""active_ingredient"": """", ""product_name"": """", ""applicant"": """", ""application_number"": """", ""source"": ""unknown"", ""confidence"": 0, ""review_required"": true}",,药物信息缺失或置信度低,0,data/manual_overrides/cn_overrides.json,
cn_0192,cn,pdfs/case_0192_cn.pdf,drug_info,"{""drug_name"": """", ""active_ingredient"": """", ""product_name"": """", ""applicant"": """", ""application_number"": """", ""source"": ""unknown"", ""confidence"": 0, ""review_required"": true}",,药物信息缺失或置信度低,0,data/manual_overrides/cn_overrides.json,
cn_0193,cn,pdfs/case_0193_cn.pdf,drug_info,"{""drug_name"": """", ""active_ingredient"": """", ""product_name"": """", ""applicant"": """", ""application_number"": """", ""source"": ""unknown"", ""confidence"": 0, ""review_required"": true}",,药物信息缺失或置信度低,0,data/manual_overrides/cn_overrides.json,
cn_0194,cn,pdfs/case_0194_cn.pdf,drug_info,"{""drug_name"": """", ""active_ingredient"": """", ""product_name"": """", ""applicant"": """", ""application_number"": """", ""source"": ""unknown"", ""confidence"": 0, ""review_required"": true}",,药物信息缺失或置信度低,0,data/manual_overrides/cn_overrides.json,
cn_0195,cn,pdfs/case_0195_cn.pdf,drug_info,"{""drug_name"": """", ""active_ingredient"": """", ""product_name"": """", ""applicant"": """", ""application_number"": """", ""source"": ""unknown"", ""confidence"": 0, ""review_required"": true}",,药物信息缺失或置信度低,0,data/manual_overrides/cn_overrides.json,
cn_0196,cn,pdfs/case_0196_cn.pdf,legal_points,"[""pending_review""]",,中国法律点为空或待确认,0.2,data/manual_overrides/cn_overrides.json,
cn_0196,cn,pdfs/case_0196_cn.pdf,drug_info,"{""drug_name"": """", ""active_ingredient"": """", ""product_name"": """", ""applicant"": """", ""application_number"": """", ""source"": ""unknown"", ""confidence"": 0, ""review_required"": true}",,药物信息缺失或置信度低,0,data/manual_overrides/cn_overrides.json,
cn_0197,cn,pdfs/case_0197_cn.pdf,drug_info,"{""drug_name"": """", ""active_ingredient"": """", ""product_name"": """", ""applicant"": """", ""application_number"": """", ""source"": ""unknown"", ""confidence"": 0, ""review_required"": true}",,药物信息缺失或置信度低,0,data/manual_overrides/cn_overrides.json,
cn_0198,cn,pdfs/case_0198_cn.pdf,drug_info,"{""drug_name"": """", ""active_ingredient"": """", ""product_name"": """", ""applicant"": """", ""application_number"": """", ""source"": ""unknown"", ""confidence"": 0, ""review_required"": true}",,药物信息缺失或置信度低,0,data/manual_overrides/cn_overrides.json,
cn_0199,cn,pdfs/case_0199_cn.pdf,patent_type,其他,,patent_type 为其他或待确认,0.35,data/manual_overrides/cn_overrides.json,
cn_0199,cn,pdfs/case_0199_cn.pdf,drug_info,"{""drug_name"": """", ""active_ingredient"": """", ""product_name"": """", ""applicant"": """", ""application_number"": """", ""source"": ""unknown"", ""confidence"": 0, ""review_required"": true}",,药物信息缺失或置信度低,0,data/manual_overrides/cn_overrides.json,
cn_0200,cn,pdfs/case_0200_cn.pdf,patent_type,其他,,patent_type 为其他或待确认,0.35,data/manual_overrides/cn_overrides.json,
cn_0200,cn,pdfs/case_0200_cn.pdf,drug_info,"{""drug_name"": """", ""active_ingredient"": """", ""product_name"": """", ""applicant"": """", ""application_number"": """", ""source"": ""unknown"", ""confidence"": 0, ""review_required"": true}",,药物信息缺失或置信度低,0,data/manual_overrides/cn_overrides.json,
cn_0202,cn,pdfs/case_0202_cn.pdf,drug_info,"{""drug_name"": """", ""active_ingredient"": """", ""product_name"": """", ""applicant"": """", ""application_number"": """", ""source"": ""unknown"", ""confidence"": 0, ""review_required"": true}",,药物信息缺失或置信度低,0,data/manual_overrides/cn_overrides.json,
cn_0203,cn,pdfs/case_0203_cn.pdf,drug_info,"{""drug_name"": """", ""active_ingredient"": """", ""product_name"": """", ""applicant"": """", ""application_number"": """", ""source"": ""unknown"", ""confidence"": 0, ""review_required"": true}",,药物信息缺失或置信度低,0,data/manual_overrides/cn_overrides.json,
cn_0204,cn,pdfs/case_0204_cn.pdf,drug_info,"{""drug_name"": """", ""active_ingredient"": """", ""product_name"": """", ""applicant"": """", ""application_number"": """", ""source"": ""unknown"", ""confidence"": 0, ""review_required"": true}",,药物信息缺失或置信度低,0,data/manual_overrides/cn_overrides.json,
us_0205,us,pdfs/case_0205_us.pdf,drug_info,"{""drug_name"": """", ""active_ingredient"": """", ""product_name"": """", ""applicant"": """", ""application_number"": """", ""source"": ""unknown"", ""confidence"": 0, ""review_required"": true}",,药物信息缺失或置信度低,0,data/manual_overrides/us_overrides.json,
us_0206,us,pdfs/case_0206_us.pdf,drug_info,"{""drug_name"": """", ""active_ingredient"": """", ""product_name"": """", ""applicant"": """", ""application_number"": """", ""source"": ""unknown"", ""confidence"": 0, ""review_required"": true}",,药物信息缺失或置信度低,0,data/manual_overrides/us_overrides.json,
us_0207,us,pdfs/case_0207_us.pdf,drug_info,"{""drug_name"": """", ""active_ingredient"": ""preparation of the invention preferably comprises plasma-derived or genetically"", ""product_name"": """", ""applicant"": """", ""application_number"": """", ""source"": ""pdf"", ""confidence"": 0.2, ""review_required"": true}",,药物信息缺失或置信度低,0.2,data/manual_overrides/us_overrides.json,
us_0208,us,pdfs/case_0208_us.pdf,drug_info,"{""drug_name"": """", ""active_ingredient"": """", ""product_name"": """", ""applicant"": """", ""application_number"": """", ""source"": ""unknown"", ""confidence"": 0, ""review_required"": true}",,药物信息缺失或置信度低,0,data/manual_overrides/us_overrides.json,
us_0209,us,pdfs/case_0209_us.pdf,drug_info,"{""drug_name"": """", ""active_ingredient"": """", ""product_name"": """", ""applicant"": """", ""application_number"": """", ""source"": ""unknown"", ""confidence"": 0, ""review_required"": true}",,药物信息缺失或置信度低,0,data/manual_overrides/us_overrides.json,
us_0210,us,pdfs/case_0210_us.pdf,drug_info,"{""drug_name"": """", ""active_ingredient"": """", ""product_name"": """", ""applicant"": """", ""application_number"": """", ""source"": ""unknown"", ""confidence"": 0, ""review_required"": true}",,药物信息缺失或置信度低,0,data/manual_overrides/us_overrides.json,
us_0211,us,pdfs/case_0211_us.pdf,summary,"本案涉及美国专利 US8399514B2，专利主题为“Treatment for multiple sclerosis”。程序类型为 IPR，程序号为 IPR2018-01403。Petitioner 为 MYLAN PHARMACEUTICALS INC；Patent Owner 为 BIOGEN MA INC。PTAB/法院最终结果为 unknown。关键内容：ORDERED that this inter partes review is dismissed. PETITIONER: Brandon White Christopher Ferenc David Anstaett Courtney Prochnow Maria Stubbings Shannon Bloodworth Emily Greb Brian Sodikoff IPR2018-01403 Patent No. 8,399,514 B2 Christopher Ferenc Martin Masar ## PATENT OWNER: Barbara McCurdy Erin Sommers Pier DeRoo Mark Feldstein Cora R. Holt Final Written Decision and remanded with instructions to dismiss this proc",,summary 过短或需要复核,0.2,data/manual_overrides/us_overrides.json,
us_0211,us,pdfs/case_0211_us.pdf,us_legal_points,"[""pending_review""]",,美国法律点为空或待确认,0.2,data/manual_overrides/us_overrides.json,
us_0211,us,pdfs/case_0211_us.pdf,outcome,unknown,,outcome 为空或 unknown,0,data/manual_overrides/us_overrides.json,
us_0211,us,pdfs/case_0211_us.pdf,drug_info,"{""drug_name"": """", ""active_ingredient"": """", ""product_name"": """", ""applicant"": """", ""application_number"": """", ""source"": ""unknown"", ""confidence"": 0, ""review_required"": true}",,药物信息缺失或置信度低,0,data/manual_overrides/us_overrides.json,
us_0212,us,pdfs/case_0212_us.pdf,drug_info,"{""drug_name"": """", ""active_ingredient"": ""to avoid weight gain, either combined in a single unit dose with lurasidone or a"", ""product_name"": """", ""applicant"": """", ""application_number"": """", ""source"": ""pdf"", ""confidence"": 0.2, ""review_required"": true}",,药物信息缺失或置信度低,0.2,data/manual_overrides/us_overrides.json,
us_0213,us,pdfs/case_0213_us.pdf,drug_info,"{""drug_name"": """", ""active_ingredient"": ""is about from 10 to 95"", ""product_name"": """", ""applicant"": """", ""application_number"": """", ""source"": ""pdf"", ""confidence"": 0.2, ""review_required"": true}",,药物信息缺失或置信度低,0.2,data/manual_overrides/us_overrides.json,
us_0214,us,pdfs/case_0214_us.pdf,patent_type,待确认,,patent_type 为其他或待确认,0.2,data/manual_overrides/us_overrides.json,
us_0214,us,pdfs/case_0214_us.pdf,drug_info,"{""drug_name"": """", ""active_ingredient"": """", ""product_name"": """", ""applicant"": """", ""application_number"": """", ""source"": ""unknown"", ""confidence"": 0, ""review_required"": true}",,药物信息缺失或置信度低,0,data/manual_overrides/us_overrides.json,
us_0215,us,pdfs/case_0215_us.pdf,patent_type,待确认,,patent_type 为其他或待确认,0.2,data/manual_overrides/us_overrides.json,
us_0215,us,pdfs/case_0215_us.pdf,drug_info,"{""drug_name"": """", ""active_ingredient"": """", ""product_name"": """", ""applicant"": """", ""application_number"": """", ""source"": ""unknown"", ""confidence"": 0, ""review_required"": true}",,药物信息缺失或置信度低,0,data/manual_overrides/us_overrides.json,
us_0217,us,pdfs/case_0217_us.pdf,drug_info,"{""drug_name"": """", ""active_ingredient"": """", ""product_name"": """", ""applicant"": """", ""application_number"": """", ""source"": ""unknown"", ""confidence"": 0, ""review_required"": true}",,药物信息缺失或置信度低,0,data/manual_overrides/us_overrides.json,
us_0218,us,pdfs/case_0218_us.pdf,drug_info,"{""drug_name"": """", ""active_ingredient"": """", ""product_name"": """", ""applicant"": """", ""application_number"": """", ""source"": ""unknown"", ""confidence"": 0, ""review_required"": true}",,药物信息缺失或置信度低,0,data/manual_overrides/us_overrides.json,
us_0219,us,pdfs/case_0219_us.pdf,drug_info,"{""drug_name"": """", ""active_ingredient"": """", ""product_name"": """", ""applicant"": """", ""application_number"": """", ""source"": ""unknown"", ""confidence"": 0, ""review_required"": true}",,药物信息缺失或置信度低,0,data/manual_overrides/us_overrides.json,
us_0220,us,pdfs/case_0220_us.pdf,drug_info,"{""drug_name"": """", ""active_ingredient"": """", ""product_name"": """", ""applicant"": """", ""application_number"": """", ""source"": ""unknown"", ""confidence"": 0, ""review_required"": true}",,药物信息缺失或置信度低,0,data/manual_overrides/us_overrides.json,
us_0221,us,pdfs/case_0221_us.pdf,drug_info,"{""drug_name"": """", ""active_ingredient"": ""is mixed with one or more pharmaceutically acceptable carrier"", ""product_name"": """", ""applicant"": """", ""application_number"": """", ""source"": ""pdf"", ""confidence"": 0.2, ""review_required"": true}",,药物信息缺失或置信度低,0.2,data/manual_overrides/us_overrides.json,
us_0222,us,pdfs/case_0222_us.pdf,patent_type,待确认,,patent_type 为其他或待确认,0.2,data/manual_overrides/us_overrides.json,
us_0222,us,pdfs/case_0222_us.pdf,drug_info,"{""drug_name"": """", ""active_ingredient"": """", ""product_name"": """", ""applicant"": """", ""application_number"": """", ""source"": ""unknown"", ""confidence"": 0, ""review_required"": true}",,药物信息缺失或置信度低,0,data/manual_overrides/us_overrides.json,
us_0223,us,pdfs/case_0223_us.pdf,drug_info,"{""drug_name"": """", ""active_ingredient"": ""is not particularly strong evidence of copying"", ""product_name"": """", ""applicant"": """", ""application_number"": """", ""source"": ""pdf"", ""confidence"": 0.2, ""review_required"": true}",,药物信息缺失或置信度低,0.2,data/manual_overrides/us_overrides.json,
us_0224,us,pdfs/case_0224_us.pdf,drug_info,"{""drug_name"": """", ""active_ingredient"": """", ""product_name"": """", ""applicant"": """", ""application_number"": """", ""source"": ""unknown"", ""confidence"": 0, ""review_required"": true}",,药物信息缺失或置信度低,0,data/manual_overrides/us_overrides.json,
us_0225,us,pdfs/case_0225_us.pdf,drug_info,"{""drug_name"": """", ""active_ingredient"": ""in Daly, 1- MCP, would be released from the complex in gaseous form"", ""product_name"": """", ""applicant"": """", ""application_number"": """", ""source"": ""pdf"", ""confidence"": 0.2, ""review_required"": true}",,药物信息缺失或置信度低,0.2,data/manual_overrides/us_overrides.json,
us_0226,us,pdfs/case_0226_us.pdf,drug_info,"{""drug_name"": """", ""active_ingredient"": """", ""product_name"": """", ""applicant"": """", ""application_number"": """", ""source"": ""unknown"", ""confidence"": 0, ""review_required"": true}",,药物信息缺失或置信度低,0,data/manual_overrides/us_overrides.json,
us_0227,us,pdfs/case_0227_us.pdf,drug_info,"{""drug_name"": """", ""active_ingredient"": """", ""product_name"": """", ""applicant"": """", ""application_number"": """", ""source"": ""unknown"", ""confidence"": 0, ""review_required"": true}",,药物信息缺失或置信度低,0,data/manual_overrides/us_overrides.json,
us_0228,us,pdfs/case_0228_us.pdf,drug_info,"{""drug_name"": """", ""active_ingredient"": """", ""product_name"": """", ""applicant"": """", ""application_number"": """", ""source"": ""unknown"", ""confidence"": 0, ""review_required"": true}",,药物信息缺失或置信度低,0,data/manual_overrides/us_overrides.json,
us_0231,us,pdfs/case_0231_us.pdf,patent_type,待确认,,patent_type 为其他或待确认,0.2,data/manual_overrides/us_overrides.json,
us_0231,us,pdfs/case_0231_us.pdf,drug_info,"{""drug_name"": """", ""active_ingredient"": """", ""product_name"": """", ""applicant"": """", ""application_number"": """", ""source"": ""unknown"", ""confidence"": 0, ""review_required"": true}",,药物信息缺失或置信度低,0,data/manual_overrides/us_overrides.json,
us_0232,us,pdfs/case_0232_us.pdf,drug_info,"{""drug_name"": """", ""active_ingredient"": """", ""product_name"": """", ""applicant"": """", ""application_number"": """", ""source"": ""unknown"", ""confidence"": 0, ""review_required"": true}",,药物信息缺失或置信度低,0,data/manual_overrides/us_overrides.json,
us_0233,us,pdfs/case_0233_us.pdf,drug_info,"{""drug_name"": """", ""active_ingredient"": """", ""product_name"": """", ""applicant"": """", ""application_number"": """", ""source"": ""unknown"", ""confidence"": 0, ""review_required"": true}",,药物信息缺失或置信度低,0,data/manual_overrides/us_overrides.json,
us_0234,us,pdfs/case_0234_us.pdf,drug_info,"{""drug_name"": """", ""active_ingredient"": """", ""product_name"": """", ""applicant"": """", ""application_number"": """", ""source"": ""unknown"", ""confidence"": 0, ""review_required"": true}",,药物信息缺失或置信度低,0,data/manual_overrides/us_overrides.json,
us_0235,us,pdfs/case_0235_us.pdf,patent_type,待确认,,patent_type 为其他或待确认,0.2,data/manual_overrides/us_overrides.json,
us_0235,us,pdfs/case_0235_us.pdf,drug_info,"{""drug_name"": """", ""active_ingredient"": """", ""product_name"": """", ""applicant"": """", ""application_number"": """", ""source"": ""unknown"", ""confidence"": 0, ""review_required"": true}",,药物信息缺失或置信度低,0,data/manual_overrides/us_overrides.json,
us_0236,us,pdfs/case_0236_us.pdf,patent_type,待确认,,patent_type 为其他或待确认,0.2,data/manual_overrides/us_overrides.json,
us_0236,us,pdfs/case_0236_us.pdf,drug_info,"{""drug_name"": """", ""active_ingredient"": """", ""product_name"": """", ""applicant"": """", ""application_number"": """", ""source"": ""unknown"", ""confidence"": 0, ""review_required"": true}",,药物信息缺失或置信度低,0,data/manual_overrides/us_overrides.json,
us_0237,us,pdfs/case_0237_us.pdf,patent_type,待确认,,patent_type 为其他或待确认,0.2,data/manual_overrides/us_overrides.json,
us_0237,us,pdfs/case_0237_us.pdf,drug_info,"{""drug_name"": """", ""active_ingredient"": """", ""product_name"": """", ""applicant"": """", ""application_number"": """", ""source"": ""unknown"", ""confidence"": 0, ""review_required"": true}",,药物信息缺失或置信度低,0,data/manual_overrides/us_overrides.json,
us_0238,us,pdfs/case_0238_us.pdf,patent_type,待确认,,patent_type 为其他或待确认,0.2,data/manual_overrides/us_overrides.json,
us_0238,us,pdfs/case_0238_us.pdf,drug_info,"{""drug_name"": """", ""active_ingredient"": """", ""product_name"": """", ""applicant"": """", ""application_number"": """", ""source"": ""unknown"", ""confidence"": 0, ""review_required"": true}",,药物信息缺失或置信度低,0,data/manual_overrides/us_overrides.json,
us_0239,us,pdfs/case_0239_us.pdf,patent_type,待确认,,patent_type 为其他或待确认,0.2,data/manual_overrides/us_overrides.json,
us_0239,us,pdfs/case_0239_us.pdf,drug_info,"{""drug_name"": """", ""active_ingredient"": """", ""product_name"": """", ""applicant"": """", ""application_number"": """", ""source"": ""unknown"", ""confidence"": 0, ""review_required"": true}",,药物信息缺失或置信度低,0,data/manual_overrides/us_overrides.json,
us_0240,us,pdfs/case_0240_us.pdf,drug_info,"{""drug_name"": """", ""active_ingredient"": ""consists of between about 0"", ""product_name"": """", ""applicant"": """", ""application_number"": """", ""source"": ""pdf"", ""confidence"": 0.2, ""review_required"": true}",,药物信息缺失或置信度低,0.2,data/manual_overrides/us_overrides.json,
us_0241,us,pdfs/case_0241_us.pdf,drug_info,"{""drug_name"": """", ""active_ingredient"": """", ""product_name"": """", ""applicant"": """", ""application_number"": """", ""source"": ""unknown"", ""confidence"": 0, ""review_required"": true}",,药物信息缺失或置信度低,0,data/manual_overrides/us_overrides.json,
us_0242,us,pdfs/case_0242_us.pdf,patent_type,待确认,,patent_type 为其他或待确认,0.2,data/manual_overrides/us_overrides.json,
us_0242,us,pdfs/case_0242_us.pdf,drug_info,"{""drug_name"": """", ""active_ingredient"": """", ""product_name"": """", ""applicant"": """", ""application_number"": """", ""source"": ""unknown"", ""confidence"": 0, ""review_required"": true}",,药物信息缺失或置信度低,0,data/manual_overrides/us_overrides.json,
us_0243,us,pdfs/case_0243_us.pdf,drug_info,"{""drug_name"": """", ""active_ingredient"": """", ""product_name"": """", ""applicant"": """", ""application_number"": """", ""source"": ""unknown"", ""confidence"": 0, ""review_required"": true}",,药物信息缺失或置信度低,0,data/manual_overrides/us_overrides.json,
us_0244,us,pdfs/case_0244_us.pdf,drug_info,"{""drug_name"": """", ""active_ingredient"": """", ""product_name"": """", ""applicant"": """", ""application_number"": """", ""source"": ""unknown"", ""confidence"": 0, ""review_required"": true}",,药物信息缺失或置信度低,0,data/manual_overrides/us_overrides.json,
us_0245,us,pdfs/case_0245_us.pdf,drug_info,"{""drug_name"": """", ""active_ingredient"": """", ""product_name"": """", ""applicant"": """", ""application_number"": """", ""source"": ""unknown"", ""confidence"": 0, ""review_required"": true}",,药物信息缺失或置信度低,0,data/manual_overrides/us_overrides.json,
us_0246,us,pdfs/case_0246_us.pdf,drug_info,"{""drug_name"": """", ""active_ingredient"": """", ""product_name"": """", ""applicant"": """", ""application_number"": """", ""source"": ""unknown"", ""confidence"": 0, ""review_required"": true}",,药物信息缺失或置信度低,0,data/manual_overrides/us_overrides.json,
us_0247,us,pdfs/case_0247_us.pdf,drug_info,"{""drug_name"": """", ""active_ingredient"": """", ""product_name"": """", ""applicant"": """", ""application_number"": """", ""source"": ""unknown"", ""confidence"": 0, ""review_required"": true}",,药物信息缺失或置信度低,0,data/manual_overrides/us_overrides.json,
us_0248,us,pdfs/case_0248_us.pdf,drug_info,"{""drug_name"": """", ""active_ingredient"": """", ""product_name"": """", ""applicant"": """", ""application_number"": """", ""source"": ""unknown"", ""confidence"": 0, ""review_required"": true}",,药物信息缺失或置信度低,0,data/manual_overrides/us_overrides.json,
us_0249,us,pdfs/case_0249_us.pdf,drug_info,"{""drug_name"": """", ""active_ingredient"": """", ""product_name"": """", ""applicant"": """", ""application_number"": """", ""source"": ""unknown"", ""confidence"": 0, ""review_required"": true}",,药物信息缺失或置信度低,0,data/manual_overrides/us_overrides.json,
us_0250,us,pdfs/case_0250_us.pdf,drug_info,"{""drug_name"": """", ""active_ingredient"": """", ""product_name"": """", ""applicant"": """", ""application_number"": """", ""source"": ""unknown"", ""confidence"": 0, ""review_required"": true}",,药物信息缺失或置信度低,0,data/manual_overrides/us_overrides.json,
us_0251,us,pdfs/case_0251_us.pdf,patent_type,待确认,,patent_type 为其他或待确认,0.2,data/manual_overrides/us_overrides.json,
us_0251,us,pdfs/case_0251_us.pdf,patent_number,,,美国案例 patent_number 缺失,0,data/manual_overrides/us_overrides.json,
us_0251,us,pdfs/case_0251_us.pdf,patent_lookup,"{""patent_number"": """", ""patent_title"": """", ""abstract"": """", ""independent_claims"": [], ""assignee"": """", ""inventors"": [], ""cpc"": [], ""publication_date"": """", ""grant_date"": """", ""source"": ""invalid_patent_number"", ""lookup_status"": ""failed"", ""status"": ""failed"", ""google_patents_url"": """", ""confidence"": 0.0}",,美国专利信息未检索成功,0.0,data/manual_overrides/us_overrides.json,
us_0251,us,pdfs/case_0251_us.pdf,parties,[],,美国当事人缺失,0.2,data/manual_overrides/us_overrides.json,
us_0251,us,pdfs/case_0251_us.pdf,outcome,unknown,,outcome 为空或 unknown,0,data/manual_overrides/us_overrides.json,
us_0252,us,pdfs/case_0252_us.pdf,patent_number,,,美国案例 patent_number 缺失,0,data/manual_overrides/us_overrides.json,
us_0252,us,pdfs/case_0252_us.pdf,patent_lookup,"{""patent_number"": """", ""patent_title"": """", ""abstract"": """", ""independent_claims"": [], ""assignee"": """", ""inventors"": [], ""cpc"": [], ""publication_date"": """", ""grant_date"": """", ""source"": ""invalid_patent_number"", ""lookup_status"": ""failed"", ""status"": ""failed"", ""google_patents_url"": """", ""confidence"": 0.0}",,美国专利信息未检索成功,0.0,data/manual_overrides/us_overrides.json,
us_0252,us,pdfs/case_0252_us.pdf,parties,[],,美国当事人缺失,0.2,data/manual_overrides/us_overrides.json,
us_0252,us,pdfs/case_0252_us.pdf,drug_info,"{""drug_name"": """", ""active_ingredient"": """", ""product_name"": """", ""applicant"": """", ""application_number"": """", ""source"": ""unknown"", ""confidence"": 0, ""review_required"": true}",,药物信息缺失或置信度低,0,data/manual_overrides/us_overrides.json,
us_0253,us,pdfs/case_0253_us.pdf,drug_info,"{""drug_name"": """", ""active_ingredient"": ""in the product"", ""product_name"": """", ""applicant"": """", ""application_number"": """", ""source"": ""pdf"", ""confidence"": 0.2, ""review_required"": true}",,药物信息缺失或置信度低,0.2,data/manual_overrides/us_overrides.json,
us_0254,us,pdfs/case_0254_us.pdf,drug_info,"{""drug_name"": """", ""active_ingredient"": ""in the product"", ""product_name"": """", ""applicant"": """", ""application_number"": """", ""source"": ""pdf"", ""confidence"": 0.2, ""review_required"": true}",,药物信息缺失或置信度低,0.2,data/manual_overrides/us_overrides.json,
us_0255,us,pdfs/case_0255_us.pdf,drug_info,"{""drug_name"": """", ""active_ingredient"": ""in the product"", ""product_name"": """", ""applicant"": """", ""application_number"": """", ""source"": ""pdf"", ""confidence"": 0.2, ""review_required"": true}",,药物信息缺失或置信度低,0.2,data/manual_overrides/us_overrides.json,
us_0256,us,pdfs/case_0256_us.pdf,drug_info,"{""drug_name"": """", ""active_ingredient"": ""to account for the inherent imprecision in the manufacturing process"", ""product_name"": """", ""applicant"": """", ""application_number"": """", ""source"": ""pdf"", ""confidence"": 0.2, ""review_required"": true}",,药物信息缺失或置信度低,0.2,data/manual_overrides/us_overrides.json,
us_0257,us,pdfs/case_0257_us.pdf,drug_info,"{""drug_name"": """", ""active_ingredient"": """", ""product_name"": """", ""applicant"": """", ""application_number"": """", ""source"": ""unknown"", ""confidence"": 0, ""review_required"": true}",,药物信息缺失或置信度低,0,data/manual_overrides/us_overrides.json,
us_0258,us,pdfs/case_0258_us.pdf,drug_info,"{""drug_name"": """", ""active_ingredient"": """", ""product_name"": """", ""applicant"": """", ""application_number"": """", ""source"": ""unknown"", ""confidence"": 0, ""review_required"": true}",,药物信息缺失或置信度低,0,data/manual_overrides/us_overrides.json,
us_0259,us,pdfs/case_0259_us.pdf,drug_info,"{""drug_name"": """", ""active_ingredient"": """", ""product_name"": """", ""applicant"": """", ""application_number"": """", ""source"": ""unknown"", ""confidence"": 0, ""review_required"": true}",,药物信息缺失或置信度低,0,data/manual_overrides/us_overrides.json,
us_0262,us,pdfs/case_0262_us.pdf,patent_type,待确认,,patent_type 为其他或待确认,0.2,data/manual_overrides/us_overrides.json,
us_0262,us,pdfs/case_0262_us.pdf,drug_info,"{""drug_name"": """", ""active_ingredient"": """", ""product_name"": """", ""applicant"": """", ""application_number"": """", ""source"": ""unknown"", ""confidence"": 0, ""review_required"": true}",,药物信息缺失或置信度低,0,data/manual_overrides/us_overrides.json,
us_0263,us,pdfs/case_0263_us.pdf,drug_info,"{""drug_name"": """", ""active_ingredient"": """", ""product_name"": """", ""applicant"": """", ""application_number"": """", ""source"": ""unknown"", ""confidence"": 0, ""review_required"": true}",,药物信息缺失或置信度低,0,data/manual_overrides/us_overrides.json,
us_0267,us,pdfs/case_0267_us.pdf,patent_type,待确认,,patent_type 为其他或待确认,0.2,data/manual_overrides/us_overrides.json,
us_0267,us,pdfs/case_0267_us.pdf,drug_info,"{""drug_name"": """", ""active_ingredient"": """", ""product_name"": """", ""applicant"": """", ""application_number"": """", ""source"": ""unknown"", ""confidence"": 0, ""review_required"": true}",,药物信息缺失或置信度低,0,data/manual_overrides/us_overrides.json,
us_0268,us,pdfs/case_0268_us.pdf,patent_type,待确认,,patent_type 为其他或待确认,0.2,data/manual_overrides/us_overrides.json,
us_0268,us,pdfs/case_0268_us.pdf,drug_info,"{""drug_name"": """", ""active_ingredient"": """", ""product_name"": """", ""applicant"": """", ""application_number"": """", ""source"": ""unknown"", ""confidence"": 0, ""review_required"": true}",,药物信息缺失或置信度低,0,data/manual_overrides/us_overrides.json,
us_0269,us,pdfs/case_0269_us.pdf,drug_info,"{""drug_name"": """", ""active_ingredient"": """", ""product_name"": """", ""applicant"": """", ""application_number"": """", ""source"": ""unknown"", ""confidence"": 0, ""review_required"": true}",,药物信息缺失或置信度低,0,data/manual_overrides/us_overrides.json,
us_0270,us,pdfs/case_0270_us.pdf,drug_info,"{""drug_name"": """", ""active_ingredient"": ""for preventing and treating obesity and the use thereof"", ""product_name"": """", ""applicant"": """", ""application_number"": """", ""source"": ""pdf"", ""confidence"": 0.2, ""review_required"": true}",,药物信息缺失或置信度低,0.2,data/manual_overrides/us_overrides.json,
us_0271,us,pdfs/case_0271_us.pdf,patent_type,待确认,,patent_type 为其他或待确认,0.2,data/manual_overrides/us_overrides.json,
us_0271,us,pdfs/case_0271_us.pdf,drug_info,"{""drug_name"": """", ""active_ingredient"": """", ""product_name"": """", ""applicant"": """", ""application_number"": """", ""source"": ""unknown"", ""confidence"": 0, ""review_required"": true}",,药物信息缺失或置信度低,0,data/manual_overrides/us_overrides.json,
us_0274,us,pdfs/case_0274_us.pdf,patent_type,待确认,,patent_type 为其他或待确认,0.2,data/manual_overrides/us_overrides.json,
us_0274,us,pdfs/case_0274_us.pdf,drug_info,"{""drug_name"": """", ""active_ingredient"": """", ""product_name"": """", ""applicant"": """", ""application_number"": """", ""source"": ""unknown"", ""confidence"": 0, ""review_required"": true}",,药物信息缺失或置信度低,0,data/manual_overrides/us_overrides.json,
us_0275,us,pdfs/case_0275_us.pdf,title,,,title 缺失、使用文件名或程序名,0.35,data/manual_overrides/us_overrides.json,
us_0275,us,pdfs/case_0275_us.pdf,patent_type,待确认,,patent_type 为其他或待确认,0.2,data/manual_overrides/us_overrides.json,
us_0275,us,pdfs/case_0275_us.pdf,patent_lookup,"{""patent_number"": ""US10131682C1"", ""patent_title"": """", ""abstract"": """", ""independent_claims"": [], ""assignee"": """", ""inventors"": [], ""cpc"": [], ""publication_date"": """", ""grant_date"": """", ""source"": ""official_lookup_not_configured+google_error:HTTPError"", ""lookup_status"": ""failed"", ""status"": ""failed"", ""google_patents_url"": ""https://patents.google.com/patent/US10131682C1/en"", ""confidence"": 0.0}",,美国专利信息未检索成功,0.0,data/manual_overrides/us_overrides.json,
us_0275,us,pdfs/case_0275_us.pdf,drug_info,"{""drug_name"": """", ""active_ingredient"": """", ""product_name"": """", ""applicant"": """", ""application_number"": """", ""source"": ""unknown"", ""confidence"": 0, ""review_required"": true}",,药物信息缺失或置信度低,0,data/manual_overrides/us_overrides.json,
us_0277,us,pdfs/case_0277_us.pdf,drug_info,"{""drug_name"": """", ""active_ingredient"": """", ""product_name"": """", ""applicant"": """", ""application_number"": """", ""source"": ""unknown"", ""confidence"": 0, ""review_required"": true}",,药物信息缺失或置信度低,0,data/manual_overrides/us_overrides.json,
us_0278,us,pdfs/case_0278_us.pdf,drug_info,"{""drug_name"": """", ""active_ingredient"": """", ""product_name"": """", ""applicant"": """", ""application_number"": """", ""source"": ""unknown"", ""confidence"": 0, ""review_required"": true}",,药物信息缺失或置信度低,0,data/manual_overrides/us_overrides.json,
us_0279,us,pdfs/case_0279_us.pdf,drug_info,"{""drug_name"": """", ""active_ingredient"": """", ""product_name"": """", ""applicant"": """", ""application_number"": """", ""source"": ""unknown"", ""confidence"": 0, ""review_required"": true}",,药物信息缺失或置信度低,0,data/manual_overrides/us_overrides.json,
us_0280,us,pdfs/case_0280_us.pdf,drug_info,"{""drug_name"": """", ""active_ingredient"": """", ""product_name"": """", ""applicant"": """", ""application_number"": """", ""source"": ""unknown"", ""confidence"": 0, ""review_required"": true}",,药物信息缺失或置信度低,0,data/manual_overrides/us_overrides.json,
us_0282,us,pdfs/case_0282_us.pdf,drug_info,"{""drug_name"": """", ""active_ingredient"": """", ""product_name"": """", ""applicant"": """", ""application_number"": """", ""source"": ""unknown"", ""confidence"": 0, ""review_required"": true}",,药物信息缺失或置信度低,0,data/manual_overrides/us_overrides.json,
us_0283,us,pdfs/case_0283_us.pdf,drug_info,"{""drug_name"": """", ""active_ingredient"": """", ""product_name"": """", ""applicant"": """", ""application_number"": """", ""source"": ""unknown"", ""confidence"": 0, ""review_required"": true}",,药物信息缺失或置信度低,0,data/manual_overrides/us_overrides.json,
us_0284,us,pdfs/case_0284_us.pdf,drug_info,"{""drug_name"": """", ""active_ingredient"": """", ""product_name"": """", ""applicant"": """", ""application_number"": """", ""source"": ""unknown"", ""confidence"": 0, ""review_required"": true}",,药物信息缺失或置信度低,0,data/manual_overrides/us_overrides.json,
us_0285,us,pdfs/case_0285_us.pdf,drug_info,"{""drug_name"": """", ""active_ingredient"": """", ""product_name"": """", ""applicant"": """", ""application_number"": """", ""source"": ""unknown"", ""confidence"": 0, ""review_required"": true}",,药物信息缺失或置信度低,0,data/manual_overrides/us_overrides.json,
us_0286,us,pdfs/case_0286_us.pdf,drug_info,"{""drug_name"": """", ""active_ingredient"": """", ""product_name"": """", ""applicant"": """", ""application_number"": """", ""source"": ""unknown"", ""confidence"": 0, ""review_required"": true}",,药物信息缺失或置信度低,0,data/manual_overrides/us_overrides.json,
us_0287,us,pdfs/case_0287_us.pdf,drug_info,"{""drug_name"": """", ""active_ingredient"": ""colchicine as well as its tablet formulation is listed in various national and i"", ""product_name"": """", ""applicant"": """", ""application_number"": """", ""source"": ""pdf"", ""confidence"": 0.2, ""review_required"": true}",,药物信息缺失或置信度低,0.2,data/manual_overrides/us_overrides.json,
us_0288,us,pdfs/case_0288_us.pdf,drug_info,"{""drug_name"": """", ""active_ingredient"": """", ""product_name"": """", ""applicant"": """", ""application_number"": """", ""source"": ""unknown"", ""confidence"": 0, ""review_required"": true}",,药物信息缺失或置信度低,0,data/manual_overrides/us_overrides.json,
us_0289,us,pdfs/case_0289_us.pdf,drug_info,"{""drug_name"": """", ""active_ingredient"": """", ""product_name"": """", ""applicant"": """", ""application_number"": """", ""source"": ""unknown"", ""confidence"": 0, ""review_required"": true}",,药物信息缺失或置信度低,0,data/manual_overrides/us_overrides.json,
us_0290,us,pdfs/case_0290_us.pdf,drug_info,"{""drug_name"": """", ""active_ingredient"": """", ""product_name"": """", ""applicant"": """", ""application_number"": """", ""source"": ""unknown"", ""confidence"": 0, ""review_required"": true}",,药物信息缺失或置信度低,0,data/manual_overrides/us_overrides.json,
us_0291,us,pdfs/case_0291_us.pdf,drug_info,"{""drug_name"": """", ""active_ingredient"": """", ""product_name"": """", ""applicant"": """", ""application_number"": """", ""source"": ""unknown"", ""confidence"": 0, ""review_required"": true}",,药物信息缺失或置信度低,0,data/manual_overrides/us_overrides.json,
us_0292,us,pdfs/case_0292_us.pdf,drug_info,"{""drug_name"": """", ""active_ingredient"": """", ""product_name"": """", ""applicant"": """", ""application_number"": """", ""source"": ""unknown"", ""confidence"": 0, ""review_required"": true}",,药物信息缺失或置信度低,0,data/manual_overrides/us_overrides.json,
us_0293,us,pdfs/case_0293_us.pdf,summary,,,summary 过短或需要复核,0.2,data/manual_overrides/us_overrides.json,
us_0293,us,pdfs/case_0293_us.pdf,title,,,title 缺失、使用文件名或程序名,0.35,data/manual_overrides/us_overrides.json,
us_0294,us,pdfs/case_0294_us.pdf,summary,,,summary 过短或需要复核,0.2,data/manual_overrides/us_overrides.json,
us_0294,us,pdfs/case_0294_us.pdf,title,,,title 缺失、使用文件名或程序名,0.35,data/manual_overrides/us_overrides.json,
us_0295,us,pdfs/case_0295_us.pdf,summary,,,summary 过短或需要复核,0.2,data/manual_overrides/us_overrides.json,
us_0295,us,pdfs/case_0295_us.pdf,title,,,title 缺失、使用文件名或程序名,0.35,data/manual_overrides/us_overrides.json,
us_0296,us,pdfs/case_0296_us.pdf,summary,,,summary 过短或需要复核,0.2,data/manual_overrides/us_overrides.json,
us_0296,us,pdfs/case_0296_us.pdf,title,,,title 缺失、使用文件名或程序名,0.35,data/manual_overrides/us_overrides.json,
us_0297,us,pdfs/case_0297_us.pdf,drug_info,"{""drug_name"": """", ""active_ingredient"": """", ""product_name"": """", ""applicant"": """", ""application_number"": """", ""source"": ""unknown"", ""confidence"": 0, ""review_required"": true}",,药物信息缺失或置信度低,0,data/manual_overrides/us_overrides.json,
us_0299,us,pdfs/case_0299_us.pdf,drug_info,"{""drug_name"": """", ""active_ingredient"": """", ""product_name"": """", ""applicant"": """", ""application_number"": """", ""source"": ""unknown"", ""confidence"": 0, ""review_required"": true}",,药物信息缺失或置信度低,0,data/manual_overrides/us_overrides.json,
us_0300,us,pdfs/case_0300_us.pdf,drug_info,"{""drug_name"": """", ""active_ingredient"": """", ""product_name"": """", ""applicant"": """", ""application_number"": """", ""source"": ""unknown"", ""confidence"": 0, ""review_required"": true}",,药物信息缺失或置信度低,0,data/manual_overrides/us_overrides.json,
us_0301,us,pdfs/case_0301_us.pdf,drug_info,"{""drug_name"": """", ""active_ingredient"": """", ""product_name"": """", ""applicant"": """", ""application_number"": """", ""source"": ""unknown"", ""confidence"": 0, ""review_required"": true}",,药物信息缺失或置信度低,0,data/manual_overrides/us_overrides.json,
us_0303,us,pdfs/case_0303_us.pdf,drug_info,"{""drug_name"": """", ""active_ingredient"": """", ""product_name"": """", ""applicant"": """", ""application_number"": """", ""source"": ""unknown"", ""confidence"": 0, ""review_required"": true}",,药物信息缺失或置信度低,0,data/manual_overrides/us_overrides.json,
us_0304,us,pdfs/case_0304_us.pdf,drug_info,"{""drug_name"": """", ""active_ingredient"": """", ""product_name"": """", ""applicant"": """", ""application_number"": """", ""source"": ""unknown"", ""confidence"": 0, ""review_required"": true}",,药物信息缺失或置信度低,0,data/manual_overrides/us_overrides.json,
us_0305,us,pdfs/case_0305_us.pdf,drug_info,"{""drug_name"": """", ""active_ingredient"": """", ""product_name"": """", ""applicant"": """", ""application_number"": """", ""source"": ""unknown"", ""confidence"": 0, ""review_required"": true}",,药物信息缺失或置信度低,0,data/manual_overrides/us_overrides.json,
us_0306,us,pdfs/case_0306_us.pdf,drug_info,"{""drug_name"": """", ""active_ingredient"": """", ""product_name"": """", ""applicant"": """", ""application_number"": """", ""source"": ""unknown"", ""confidence"": 0, ""review_required"": true}",,药物信息缺失或置信度低,0,data/manual_overrides/us_overrides.json,
us_0307,us,pdfs/case_0307_us.pdf,drug_info,"{""drug_name"": """", ""active_ingredient"": """", ""product_name"": """", ""applicant"": """", ""application_number"": """", ""source"": ""unknown"", ""confidence"": 0, ""review_required"": true}",,药物信息缺失或置信度低,0,data/manual_overrides/us_overrides.json,
us_0308,us,pdfs/case_0308_us.pdf,drug_info,"{""drug_name"": """", ""active_ingredient"": """", ""product_name"": """", ""applicant"": """", ""application_number"": """", ""source"": ""unknown"", ""confidence"": 0, ""review_required"": true}",,药物信息缺失或置信度低,0,data/manual_overrides/us_overrides.json,
us_0309,us,pdfs/case_0309_us.pdf,drug_info,"{""drug_name"": """", ""active_ingredient"": """", ""product_name"": """", ""applicant"": """", ""application_number"": """", ""source"": ""unknown"", ""confidence"": 0, ""review_required"": true}",,药物信息缺失或置信度低,0,data/manual_overrides/us_overrides.json,
us_0310,us,pdfs/case_0310_us.pdf,patent_type,待确认,,patent_type 为其他或待确认,0.2,data/manual_overrides/us_overrides.json,
us_0311,us,pdfs/case_0311_us.pdf,title,,,title 缺失、使用文件名或程序名,0.35,data/manual_overrides/us_overrides.json,
us_0311,us,pdfs/case_0311_us.pdf,patent_type,待确认,,patent_type 为其他或待确认,0.2,data/manual_overrides/us_overrides.json,
us_0311,us,pdfs/case_0311_us.pdf,patent_lookup,"{""patent_number"": ""US10131682C1"", ""patent_title"": """", ""abstract"": """", ""independent_claims"": [], ""assignee"": """", ""inventors"": [], ""cpc"": [], ""publication_date"": """", ""grant_date"": """", ""source"": ""official_lookup_not_configured+google_error:HTTPError"", ""lookup_status"": ""failed"", ""status"": ""failed"", ""google_patents_url"": ""https://patents.google.com/patent/US10131682C1/en"", ""confidence"": 0.0}",,美国专利信息未检索成功,0.0,data/manual_overrides/us_overrides.json,
us_0311,us,pdfs/case_0311_us.pdf,drug_info,"{""drug_name"": """", ""active_ingredient"": """", ""product_name"": """", ""applicant"": """", ""application_number"": """", ""source"": ""unknown"", ""confidence"": 0, ""review_required"": true}",,药物信息缺失或置信度低,0,data/manual_overrides/us_overrides.json,
us_0312,us,pdfs/case_0312_us.pdf,summary,,,summary 过短或需要复核,0.2,data/manual_overrides/us_overrides.json,
us_0312,us,pdfs/case_0312_us.pdf,title,,,title 缺失、使用文件名或程序名,0.35,data/manual_overrides/us_overrides.json,
us_0313,us,pdfs/case_0313_us.pdf,summary,,,summary 过短或需要复核,0.2,data/manual_overrides/us_overrides.json,
us_0313,us,pdfs/case_0313_us.pdf,title,,,title 缺失、使用文件名或程序名,0.35,data/manual_overrides/us_overrides.json,
us_0314,us,pdfs/case_0314_us.pdf,summary,,,summary 过短或需要复核,0.2,data/manual_overrides/us_overrides.json,
us_0314,us,pdfs/case_0314_us.pdf,title,,,title 缺失、使用文件名或程序名,0.35,data/manual_overrides/us_overrides.json,
us_0315,us,pdfs/case_0315_us.pdf,summary,,,summary 过短或需要复核,0.2,data/manual_overrides/us_overrides.json,
us_0315,us,pdfs/case_0315_us.pdf,title,,,title 缺失、使用文件名或程序名,0.35,data/manual_overrides/us_overrides.json,
us_0316,us,pdfs/case_0316_us.pdf,drug_info,"{""drug_name"": """", ""active_ingredient"": """", ""product_name"": """", ""applicant"": """", ""application_number"": """", ""source"": ""unknown"", ""confidence"": 0, ""review_required"": true}",,药物信息缺失或置信度低,0,data/manual_overrides/us_overrides.json,
us_0317,us,pdfs/case_0317_us.pdf,drug_info,"{""drug_name"": """", ""active_ingredient"": """", ""product_name"": """", ""applicant"": """", ""application_number"": """", ""source"": ""unknown"", ""confidence"": 0, ""review_required"": true}",,药物信息缺失或置信度低,0,data/manual_overrides/us_overrides.json,
us_0318,us,pdfs/case_0318_us.pdf,drug_info,"{""drug_name"": """", ""active_ingredient"": """", ""product_name"": """", ""applicant"": """", ""application_number"": """", ""source"": ""unknown"", ""confidence"": 0, ""review_required"": true}",,药物信息缺失或置信度低,0,data/manual_overrides/us_overrides.json,
us_0319,us,pdfs/case_0319_us.pdf,drug_info,"{""drug_name"": """", ""active_ingredient"": """", ""product_name"": """", ""applicant"": """", ""application_number"": """", ""source"": ""unknown"", ""confidence"": 0, ""review_required"": true}",,药物信息缺失或置信度低,0,data/manual_overrides/us_overrides.json,
us_0320,us,pdfs/case_0320_us.pdf,drug_info,"{""drug_name"": """", ""active_ingredient"": """", ""product_name"": """", ""applicant"": """", ""application_number"": """", ""source"": ""unknown"", ""confidence"": 0, ""review_required"": true}",,药物信息缺失或置信度低,0,data/manual_overrides/us_overrides.json,
us_0321,us,pdfs/case_0321_us.pdf,drug_info,"{""drug_name"": """", ""active_ingredient"": """", ""product_name"": """", ""applicant"": """", ""application_number"": """", ""source"": ""unknown"", ""confidence"": 0, ""review_required"": true}",,药物信息缺失或置信度低,0,data/manual_overrides/us_overrides.json,
us_0322,us,pdfs/case_0322_us.pdf,drug_info,"{""drug_name"": """", ""active_ingredient"": """", ""product_name"": """", ""applicant"": """", ""application_number"": """", ""source"": ""unknown"", ""confidence"": 0, ""review_required"": true}",,药物信息缺失或置信度低,0,data/manual_overrides/us_overrides.json,
us_0323,us,pdfs/case_0323_us.pdf,drug_info,"{""drug_name"": """", ""active_ingredient"": """", ""product_name"": """", ""applicant"": """", ""application_number"": """", ""source"": ""unknown"", ""confidence"": 0, ""review_required"": true}",,药物信息缺失或置信度低,0,data/manual_overrides/us_overrides.json,
us_0324,us,pdfs/case_0324_us.pdf,drug_info,"{""drug_name"": """", ""active_ingredient"": """", ""product_name"": """", ""applicant"": """", ""application_number"": """", ""source"": ""unknown"", ""confidence"": 0, ""review_required"": true}",,药物信息缺失或置信度低,0,data/manual_overrides/us_overrides.json,
us_0325,us,pdfs/case_0325_us.pdf,drug_info,"{""drug_name"": """", ""active_ingredient"": """", ""product_name"": """", ""applicant"": """", ""application_number"": """", ""source"": ""unknown"", ""confidence"": 0, ""review_required"": true}",,药物信息缺失或置信度低,0,data/manual_overrides/us_overrides.json,
us_0326,us,pdfs/case_0326_us.pdf,drug_info,"{""drug_name"": """", ""active_ingredient"": """", ""product_name"": """", ""applicant"": """", ""application_number"": """", ""source"": ""unknown"", ""confidence"": 0, ""review_required"": true}",,药物信息缺失或置信度低,0,data/manual_overrides/us_overrides.json,
us_0327,us,pdfs/case_0327_us.pdf,drug_info,"{""drug_name"": """", ""active_ingredient"": """", ""product_name"": """", ""applicant"": """", ""application_number"": """", ""source"": ""unknown"", ""confidence"": 0, ""review_required"": true}",,药物信息缺失或置信度低,0,data/manual_overrides/us_overrides.json,
us_0328,us,pdfs/case_0328_us.pdf,drug_info,"{""drug_name"": """", ""active_ingredient"": """", ""product_name"": """", ""applicant"": """", ""application_number"": """", ""source"": ""unknown"", ""confidence"": 0, ""review_required"": true}",,药物信息缺失或置信度低,0,data/manual_overrides/us_overrides.json,
us_0329,us,pdfs/case_0329_us.pdf,patent_type,待确认,,patent_type 为其他或待确认,0.2,data/manual_overrides/us_overrides.json,
us_0329,us,pdfs/case_0329_us.pdf,drug_info,"{""drug_name"": """", ""active_ingredient"": """", ""product_name"": """", ""applicant"": """", ""application_number"": """", ""source"": ""unknown"", ""confidence"": 0, ""review_required"": true}",,药物信息缺失或置信度低,0,data/manual_overrides/us_overrides.json,
us_0330,us,pdfs/case_0330_us.pdf,drug_info,"{""drug_name"": """", ""active_ingredient"": """", ""product_name"": """", ""applicant"": """", ""application_number"": """", ""source"": ""unknown"", ""confidence"": 0, ""review_required"": true}",,药物信息缺失或置信度低,0,data/manual_overrides/us_overrides.json,
us_0331,us,pdfs/case_0331_us.pdf,drug_info,"{""drug_name"": """", ""active_ingredient"": """", ""product_name"": """", ""applicant"": """", ""application_number"": """", ""source"": ""unknown"", ""confidence"": 0, ""review_required"": true}",,药物信息缺失或置信度低,0,data/manual_overrides/us_overrides.json,
us_0332,us,pdfs/case_0332_us.pdf,drug_info,"{""drug_name"": """", ""active_ingredient"": """", ""product_name"": """", ""applicant"": """", ""application_number"": """", ""source"": ""unknown"", ""confidence"": 0, ""review_required"": true}",,药物信息缺失或置信度低,0,data/manual_overrides/us_overrides.json,
us_0333,us,pdfs/case_0333_us.pdf,drug_info,"{""drug_name"": """", ""active_ingredient"": """", ""product_name"": """", ""applicant"": """", ""application_number"": """", ""source"": ""unknown"", ""confidence"": 0, ""review_required"": true}",,药物信息缺失或置信度低,0,data/manual_overrides/us_overrides.json,
